round,hometeam_name,hometeam_goal,hometeam_possession(%),hometeam_total_shots,hometeam_shots_on_target,hometeam_big_chances,hometeam_big_chances_missed,hometeam_accurate_passes(%),hometeam_fouls_committed,hometeam_corners,hometeam_shots_off_target,hometeam_blocked_shots,hometeam_hit_woodwork,hometeam_shots_inside_box,hometeam_shots_outside_box,hometeam_passes,hometeam_own_half,hometeam_opposition_half,hometeam_accurate_long_balls(%),hometeam_accurate_crosses(%),hometeam_throws,hometeam_offsides,hometeam_yellow_cards,hometeam_red_cards,hometeam_tackles_won,hometeam_interceptions,hometeam_blocks,hometeam_clearances,hometeam_keeper_saves,hometeam_duels_won,hometeam_ground_duels_won,hometeam_aerial_duels_won,hometeam_successful_dribbles,awayteam_name,awayteam_goal,awayteam_possession(%),awayteam_total_shots,awayteam_shots_on_target,awayteam_big_chances,awayteam_big_chances_missed,awayteam_accurate_passes(%),awayteam_fouls_committed,awayteam_corners,awayteam_shots_off_target,awayteam_blocked_shots,awayteam_hit_woodwork,awayteam_shots_inside_box,awayteam_shots_outside_box,awayteam_passes,awayteam_own_half,awayteam_opposition_half,awayteam_accurate_long_balls(%),awayteam_accurate_crosses(%),awayteam_throws,awayteam_offsides,awayteam_yellow_cards,awayteam_red_cards,awayteam_tackles_won,awayteam_interceptions,awayteam_blocks,awayteam_clearances,awayteam_keeper_saves,awayteam_duels_won,awayteam_ground_duels_won,awayteam_aerial_duels_won,awayteam_successful_dribbles
1,Fulham,0,46,5,2,0,0,88,12,2,2,1,0,1,4,523,246,215,58,13,20,2,2,0,7,10,4,7,2,36,28,8,6,Arsenal,3,54,13,6,3,1,90,12,3,4,3,1,9,4,626,367,195,60,25,21,2,2,0,5,18,1,11,2,35,28,7,6
1,Crystal Palace,1,29,5,3,3,2,51,14,7,2,0,0,5,0,236,50,71,26,50,33,4,2,0,9,12,1,22,5,65,35,30,10,Southampton,0,71,9,5,2,2,79,11,3,3,1,0,7,2,580,242,216,45,17,32,0,1,0,18,9,0,15,2,77,47,30,6
1,Liverpool,4,49,22,6,3,0,76,9,9,3,13,0,17,5,432,124,204,24,20,34,2,1,0,10,14,2,11,0,51,37,14,19,Leeds United,3,51,6,3,0,0,76,6,0,1,2,0,4,2,459,258,89,41,33,25,5,0,0,20,12,12,34,3,64,52,12,9
1,West Ham United,0,58,15,3,0,0,83,13,8,5,7,1,10,5,474,192,201,40,13,17,2,2,0,2,7,6,18,0,41,24,17,5,Newcastle United,2,42,15,2,1,0,78,7,7,7,6,0,10,5,342,117,149,47,35,10,4,2,0,10,5,7,28,3,57,32,25,9
1,West Bromwich Albion,0,36,7,1,0,0,76,12,2,3,3,0,3,4,336,142,113,54,0,22,4,1,0,5,10,2,13,4,35,19,16,3,Leicester City,3,64,13,7,4,1,85,9,5,3,3,0,11,2,604,268,243,45,6,31,3,1,0,10,14,3,14,1,46,37,9,9
1,Tottenham Hotspur,0,52,9,5,2,2,85,15,5,1,3,0,8,1,552,218,252,43,25,34,0,1,0,4,4,4,17,3,38,20,18,5,Everton,1,48,15,4,2,2,85,7,3,7,4,0,10,5,529,289,161,56,17,17,1,0,0,9,19,3,36,5,65,50,15,18
1,Sheffield United,0,55,9,2,1,1,81,13,12,5,2,1,8,1,460,119,254,49,16,23,4,2,0,9,9,2,10,2,59,28,31,6,Wolverhampton Wanderers,2,45,11,4,3,2,79,7,5,5,2,1,7,4,391,200,107,52,40,19,0,1,0,8,13,3,35,1,69,41,28,14
1,Brighton & Hove Albion,1,52,13,3,2,2,82,8,4,6,4,0,7,6,507,232,182,61,21,24,0,1,0,11,15,3,8,2,46,36,10,8,Chelsea,3,48,10,5,1,0,83,13,3,2,3,0,7,3,465,228,159,51,23,21,3,0,0,9,25,4,15,2,42,29,13,5
1,Burnley,0,37,11,0,2,2,66,15,3,6,5,0,6,5,334,114,106,35,0,22,3,1,0,3,11,4,18,6,32,20,12,2,Manchester United,1,63,13,7,1,1,84,13,4,2,4,0,9,4,566,210,265,43,24,14,2,2,0,8,10,5,19,0,54,32,22,6
1,Manchester City,2,69,28,9,4,3,88,10,16,7,12,1,20,8,628,238,315,65,17,14,3,0,0,10,11,3,11,4,55,34,21,12,Aston Villa,0,31,11,4,0,0,73,9,2,4,3,0,6,5,285,117,90,38,14,13,1,2,0,6,15,10,29,7,45,34,11,10
2,Everton,5,71,17,7,4,1,90,9,11,5,5,0,13,4,799,468,254,55,28,17,1,1,0,13,6,1,4,2,50,38,12,7,West Bromwich Albion,2,29,6,4,0,0,79,11,1,1,1,0,2,4,322,147,106,37,33,8,1,0,1,6,12,5,20,2,45,31,14,5
2,Leeds United,4,50,10,7,1,0,76,13,5,2,1,0,8,2,444,220,117,56,15,31,3,1,0,17,10,3,11,3,69,51,18,12,Fulham,3,50,14,6,3,0,81,18,3,5,3,1,7,7,438,189,165,43,22,16,0,2,0,11,16,1,16,3,70,50,20,20
2,Manchester United,1,76,17,4,2,1,86,13,9,4,9,0,7,10,705,197,409,66,19,24,1,2,0,9,9,3,14,2,48,37,11,13,Crystal Palace,3,24,14,5,2,0,61,10,3,6,3,0,9,5,225,62,76,29,11,14,2,1,0,12,21,9,33,3,61,45,16,9
2,Arsenal,2,63,7,3,2,0,86,11,7,1,3,0,5,2,669,316,261,59,18,13,5,0,0,5,11,6,17,2,44,27,17,8,West Ham United,1,37,14,3,3,2,82,13,5,6,5,1,7,7,383,162,152,49,26,19,2,1,0,5,10,3,27,1,40,24,16,5
2,Southampton,2,52,14,7,3,2,77,17,3,5,2,1,9,5,460,182,172,33,0,13,2,4,0,6,8,2,7,1,52,36,16,11,Tottenham Hotspur,5,48,9,6,4,0,72,18,2,1,2,0,7,2,419,191,112,40,0,29,6,3,0,3,5,2,21,5,61,30,31,8
2,Newcastle United,0,47,6,0,1,1,77,16,7,4,2,0,3,3,386,156,140,43,10,18,1,3,0,5,9,1,14,4,47,26,21,2,Brighton & Hove Albion,3,53,13,6,2,0,81,15,1,6,1,1,6,7,444,189,169,49,11,17,2,0,1,3,11,2,20,0,40,25,15,2
2,Chelsea,0,39,5,3,1,1,84,10,1,2,0,0,3,2,488,334,78,56,50,10,1,0,1,9,11,4,34,3,50,39,11,16,Liverpool,2,61,18,6,3,1,89,6,11,9,3,0,10,8,764,287,394,64,17,22,1,0,0,7,8,0,3,3,37,34,3,12
2,Leicester City,4,68,14,6,1,0,85,11,15,2,6,0,11,3,621,258,268,49,18,14,0,1,0,6,11,3,13,3,47,29,18,4,Burnley,2,32,16,5,2,2,68,13,4,8,3,1,11,5,292,76,123,36,47,20,1,2,0,6,12,6,28,3,59,29,30,7
2,Aston Villa,1,72,18,2,0,0,88,12,10,11,5,0,11,7,553,174,312,53,15,20,1,3,0,4,7,1,14,1,54,22,32,4,Sheffield United,0,28,4,1,1,1,59,13,4,2,1,0,3,1,221,59,72,28,7,17,0,1,1,6,7,5,36,1,49,27,22,6
2,Wolverhampton Wanderers,1,35,10,1,1,0,77,7,4,5,4,0,6,4,356,170,103,50,31,13,2,0,0,12,15,2,9,6,55,44,11,12,Manchester City,3,65,14,9,3,1,87,8,6,3,2,0,8,6,692,320,282,53,0,20,3,3,0,9,4,4,10,0,54,41,13,12
3,Brighton & Hove Albion,2,53,18,5,5,3,85,18,7,9,4,4,12,6,488,234,179,50,21,18,1,4,0,7,14,2,4,1,58,48,10,20,Manchester United,3,47,7,3,2,0,84,16,1,1,3,0,6,1,445,188,184,48,25,11,4,2,0,10,11,4,21,3,56,45,11,14
3,Crystal Palace,1,42,8,1,1,0,76,16,7,2,5,1,5,3,370,121,160,35,19,14,1,3,0,12,16,2,12,3,64,49,15,9,Everton,2,58,10,5,3,1,83,15,6,3,2,0,7,3,524,280,153,58,21,25,0,1,0,10,10,5,25,0,60,39,21,7
3,West Bromwich Albion,3,24,9,3,1,0,67,8,3,4,2,0,5,4,249,91,77,30,29,16,1,1,0,4,13,6,39,7,45,33,12,10,Chelsea,3,76,22,10,3,2,89,16,9,6,6,1,10,12,797,311,400,63,22,18,0,3,0,9,9,2,11,0,41,24,17,5
3,Burnley,0,53,10,2,0,0,72,8,8,4,4,0,5,5,522,208,166,37,18,37,2,1,0,6,15,2,11,0,58,28,30,3,Southampton,1,47,5,1,1,0,71,10,2,2,2,0,3,2,480,173,168,26,33,32,1,0,0,8,9,4,37,2,52,22,30,4
3,Sheffield United,0,36,14,4,2,2,71,18,5,5,5,0,9,5,327,99,133,36,33,18,2,2,0,11,7,4,30,7,62,39,23,12,Leeds United,1,64,17,9,2,1,81,4,7,5,3,0,9,8,578,262,208,49,28,28,1,1,0,7,7,5,10,4,60,35,25,7
3,Tottenham Hotspur,1,66,23,12,4,3,88,15,10,7,4,2,15,8,640,197,367,57,40,20,0,1,0,6,8,3,17,0,43,26,17,8,Newcastle United,1,34,6,1,1,0,77,9,4,2,3,0,4,2,319,139,108,50,24,11,1,4,0,11,10,4,25,11,60,36,24,6
3,Manchester City,2,72,16,5,2,1,90,13,3,7,4,1,6,10,680,171,443,69,11,22,2,1,0,7,8,0,7,2,37,27,10,7,Leicester City,5,28,7,7,4,0,75,8,3,0,0,0,4,3,267,118,82,38,14,7,3,3,0,9,8,4,22,3,56,41,15,6
3,West Ham United,4,37,15,7,3,2,76,7,1,7,1,1,13,2,367,164,116,48,78,19,3,0,0,13,12,5,17,3,70,51,19,16,Wolverhampton Wanderers,0,63,11,2,0,0,87,11,3,4,5,0,4,7,626,227,316,47,28,24,2,1,0,10,8,1,6,4,65,43,22,20
3,Fulham,0,65,16,3,0,0,86,18,5,9,4,0,11,5,538,230,231,53,26,21,0,6,0,4,7,3,7,2,64,45,19,22,Aston Villa,3,35,12,5,4,1,71,14,3,4,3,0,10,2,302,106,107,40,63,17,3,3,0,16,11,5,34,2,71,51,20,10
3,Liverpool,3,66,21,8,4,2,88,11,7,7,6,0,12,9,772,348,335,61,14,28,0,2,0,6,6,0,13,2,31,25,6,8,Arsenal,1,34,4,3,3,2,76,7,3,1,0,0,3,1,395,240,59,40,0,11,5,2,0,6,7,6,37,5,38,26,12,5
4,Chelsea,4,71,17,6,3,1,90,17,8,6,5,0,12,5,707,323,313,62,30,18,1,2,0,5,13,2,14,0,46,29,17,5,Crystal Palace,0,29,4,0,0,0,74,13,5,2,2,0,2,2,280,100,108,22,28,26,0,0,0,7,9,5,15,2,44,35,9,9
4,Everton,4,43,11,6,4,0,85,13,3,2,3,0,6,5,474,235,169,45,33,13,0,0,0,15,26,5,18,1,51,42,9,9,Brighton & Hove Albion,2,57,11,3,1,0,85,14,10,3,5,0,6,5,618,211,315,44,6,16,2,1,0,13,9,3,14,2,52,48,4,16
4,Leeds United,1,52,12,7,5,4,83,11,7,2,3,0,11,1,429,249,107,51,23,17,2,2,0,14,9,8,19,1,55,49,6,10,Manchester City,1,48,23,2,0,0,82,12,10,14,7,2,16,7,389,132,187,48,25,29,3,1,0,5,6,3,15,6,57,44,13,22
4,Newcastle United,3,48,10,5,3,1,75,13,3,4,1,0,6,4,416,168,142,37,27,18,4,2,0,2,5,2,34,2,51,28,23,9,Burnley,1,52,7,3,0,0,74,17,4,2,2,0,6,1,455,179,159,41,20,23,5,3,0,5,10,1,9,2,60,27,33,3
4,Leicester City,0,70,4,0,1,1,85,10,6,2,2,0,3,1,684,277,301,46,10,25,4,2,0,4,18,3,8,3,43,26,17,11,West Ham United,3,30,14,6,3,0,70,8,4,5,3,1,12,2,296,120,88,35,50,14,2,2,0,6,21,2,30,0,52,28,24,6
4,Southampton,2,62,13,7,1,1,77,19,5,5,1,0,8,5,522,216,184,35,23,32,1,2,0,14,15,2,4,3,50,37,13,6,West Bromwich Albion,0,38,5,2,0,0,70,10,1,1,2,0,3,2,325,128,98,39,11,21,1,1,0,11,17,1,16,6,54,42,12,9
4,Arsenal,2,64,6,5,1,0,89,3,2,0,1,0,5,1,699,335,288,46,6,22,0,0,0,4,10,2,18,1,45,28,17,12,Sheffield United,1,36,6,2,0,0,79,9,4,2,2,0,1,5,373,108,187,36,11,16,3,1,0,4,5,1,22,3,35,21,14,7
4,Wolverhampton Wanderers,1,47,14,5,2,2,85,15,6,3,6,0,7,7,478,222,184,49,33,25,0,1,0,5,9,3,25,2,33,21,12,6,Fulham,0,53,10,2,1,1,88,8,2,5,3,0,6,4,524,257,203,62,14,19,0,1,0,11,5,6,14,4,48,39,9,10
4,Manchester United,1,38,5,2,1,0,84,14,2,2,1,0,2,3,416,177,171,60,22,20,1,2,1,5,11,8,11,2,53,43,10,17,Tottenham Hotspur,6,62,22,8,7,1,90,11,4,6,8,0,16,6,672,376,230,60,25,12,0,1,0,11,12,1,17,1,50,47,3,11
4,Aston Villa,7,30,18,11,6,3,68,7,2,4,3,1,13,5,285,73,121,49,22,18,2,2,0,7,12,5,31,6,49,36,13,11,Liverpool,2,70,14,8,4,2,85,10,7,1,5,0,10,4,650,298,256,55,10,28,1,1,0,7,12,3,14,4,49,34,15,13
5,Everton,2,42,11,5,3,2,75,15,2,5,1,1,6,5,380,167,117,41,42,12,2,3,1,8,1,5,27,6,51,32,19,8,Liverpool,2,58,22,8,4,3,83,9,5,8,6,0,15,7,524,198,239,45,20,14,3,2,0,8,3,1,13,3,52,41,11,11
5,Chelsea,3,53,11,5,2,0,82,11,6,3,3,0,11,0,574,283,185,50,46,22,3,1,0,7,7,2,29,3,56,31,25,7,Southampton,3,47,13,6,2,0,76,9,2,5,2,0,9,4,503,199,182,44,8,31,1,1,0,5,7,3,8,2,41,32,9,9
5,Manchester City,1,58,13,5,3,2,89,15,6,4,4,0,8,5,665,212,379,51,10,13,0,4,0,5,8,3,9,3,46,31,15,10,Arsenal,0,42,11,3,1,1,85,10,6,5,3,0,7,4,462,277,114,42,31,15,2,1,0,10,6,4,12,4,49,37,12,9
5,Newcastle United,1,36,7,4,1,1,72,9,0,2,1,0,3,4,358,164,92,41,40,22,0,1,0,11,17,10,24,8,62,43,19,15,Manchester United,4,64,28,14,2,1,86,12,7,6,8,0,15,13,629,245,296,53,21,20,2,1,0,10,16,1,13,4,55,34,21,11
5,Sheffield United,1,42,10,6,3,2,80,5,2,3,1,0,6,4,399,143,177,41,20,16,4,0,0,9,18,3,17,5,52,27,25,4,Fulham,1,58,15,6,2,2,84,9,5,5,4,1,9,6,563,251,224,40,44,20,0,2,0,8,12,1,22,5,53,33,20,15
5,Crystal Palace,1,34,1,1,1,0,69,13,2,0,0,0,1,0,280,104,89,24,17,13,1,3,0,9,3,7,31,2,58,38,20,6,Brighton & Hove Albion,1,66,20,3,0,0,83,13,5,9,8,0,12,8,544,220,229,46,41,34,2,2,1,9,7,0,8,0,55,37,18,10
5,Tottenham Hotspur,3,51,11,6,3,2,82,13,3,4,1,1,5,6,511,244,174,46,25,10,1,0,0,15,7,5,30,2,61,46,15,10,West Ham United,3,49,13,4,1,1,81,12,7,4,5,0,10,3,459,168,206,55,18,23,3,5,0,6,5,1,8,3,57,38,19,11
5,Leicester City,0,50,11,5,0,0,75,18,2,2,4,0,6,5,417,167,146,33,18,16,2,4,0,11,18,1,24,3,67,46,21,9,Aston Villa,1,50,10,4,1,1,76,18,7,5,1,0,5,5,397,169,134,37,31,16,3,3,0,8,24,4,11,5,63,44,19,14
5,West Bromwich Albion,0,57,13,6,0,0,75,15,8,5,2,0,8,5,477,186,173,39,29,25,2,2,0,8,6,1,24,4,60,31,29,2,Burnley,0,43,9,4,2,2,68,17,2,4,1,2,6,3,352,114,126,35,17,23,0,2,0,11,6,2,15,6,62,37,25,9
5,Leeds United,0,68,13,2,1,1,83,13,8,7,4,0,13,0,553,238,223,66,22,19,1,2,0,8,12,3,5,2,41,31,10,7,Wolverhampton Wanderers,1,32,7,3,0,0,67,12,3,1,3,0,4,3,269,94,86,41,20,26,2,1,0,8,21,4,26,2,61,41,20,14
6,Aston Villa,0,41,12,4,3,3,71,14,6,5,3,0,7,5,305,99,118,42,14,17,0,2,0,3,13,4,22,6,60,43,17,12,Leeds United,3,59,27,9,3,2,82,17,5,13,5,0,20,7,445,159,208,61,25,28,0,2,0,4,12,4,12,3,46,33,13,6
6,West Ham United,1,30,6,2,0,0,69,14,2,3,1,0,2,4,325,123,101,50,17,9,1,2,0,10,10,1,28,6,42,27,15,6,Manchester City,1,70,14,7,1,1,90,6,10,6,1,0,6,8,747,237,433,61,4,20,0,0,0,5,9,1,14,1,47,32,15,11
6,Fulham,1,64,16,3,1,1,89,11,4,9,4,1,10,6,643,224,350,65,31,20,1,0,1,7,10,1,13,8,52,43,9,13,Crystal Palace,2,36,14,10,4,2,81,11,4,3,1,0,11,3,366,188,108,33,14,22,2,1,0,13,10,4,19,2,51,46,5,13
6,Manchester United,0,50,14,4,0,0,83,8,9,5,5,0,7,7,582,230,254,57,25,26,2,3,0,7,12,3,20,1,38,27,11,8,Chelsea,0,50,6,1,0,0,83,6,6,2,3,0,4,2,582,322,162,49,11,17,0,1,0,12,13,5,24,4,38,30,8,6
6,Liverpool,2,62,17,5,5,3,86,7,7,7,5,1,10,7,683,276,313,59,27,16,2,0,0,5,6,4,30,1,56,34,22,12,Sheffield United,1,38,13,2,2,1,76,15,3,7,4,0,9,4,406,108,201,39,20,17,0,3,0,10,4,5,25,3,71,37,34,9
6,Southampton,2,54,13,6,0,0,88,11,4,6,1,0,10,3,610,310,229,40,19,18,1,1,0,9,8,3,20,2,52,47,5,18,Everton,0,46,6,2,0,0,85,11,5,1,3,1,3,3,509,265,170,46,10,17,1,2,1,9,11,1,14,4,48,38,10,13
6,Wolverhampton Wanderers,1,63,16,3,0,0,91,10,2,8,5,0,4,12,702,293,347,64,0,18,0,0,0,6,8,3,9,1,44,36,8,16,Newcastle United,1,37,5,2,0,0,82,10,3,0,3,0,2,3,400,228,101,42,13,17,0,1,0,10,7,5,18,3,58,45,13,12
6,Arsenal,0,56,12,4,0,0,86,13,9,4,4,0,9,3,575,233,262,59,30,19,1,3,0,11,12,1,5,1,36,25,11,2,Leicester City,1,44,6,2,2,1,81,9,3,3,1,0,2,4,453,196,173,51,20,15,0,5,0,6,10,3,20,4,46,31,15,7
6,Brighton & Hove Albion,1,50,5,3,1,1,81,14,6,1,1,0,3,2,473,213,170,39,19,21,2,2,0,10,13,1,21,2,55,33,22,7,West Bromwich Albion,1,50,9,3,0,0,84,7,2,5,1,1,3,6,476,198,200,50,17,25,1,0,0,14,12,1,18,3,57,40,17,5
6,Burnley,0,38,13,4,1,1,74,9,4,5,4,0,3,10,364,111,159,40,33,16,4,2,0,10,14,4,16,2,55,29,26,7,Tottenham Hotspur,1,62,9,3,1,0,84,7,5,2,4,0,8,1,595,247,254,44,17,23,2,0,0,5,12,5,13,3,52,25,27,7
7,Wolverhampton Wanderers,2,45,15,5,3,2,85,13,7,8,2,2,9,6,446,161,216,71,25,20,0,0,0,17,15,6,15,2,44,32,12,9,Crystal Palace,0,55,11,2,1,1,91,4,6,3,6,0,6,5,552,267,233,58,17,12,2,2,1,3,8,2,15,3,42,35,7,13
7,Sheffield United,0,35,3,1,1,1,78,14,2,1,1,0,2,1,375,140,152,31,13,15,0,0,0,11,9,4,24,7,42,29,13,4,Manchester City,1,65,16,8,2,2,87,6,5,4,4,0,10,6,715,349,275,57,45,29,2,0,0,5,5,1,13,1,59,42,17,17
7,Burnley,0,36,5,0,1,1,75,10,3,4,1,0,1,4,392,146,148,48,0,15,1,1,0,10,8,4,16,6,41,32,9,6,Chelsea,3,64,14,9,2,0,88,15,4,1,4,0,7,7,693,335,273,54,25,19,4,0,0,8,6,1,13,0,45,31,14,8
7,Liverpool,2,72,9,5,2,0,88,13,1,3,1,0,6,3,827,273,458,38,13,22,1,0,0,6,4,1,14,2,50,34,16,11,West Ham United,1,28,4,3,0,0,69,14,2,0,1,0,4,0,304,120,90,35,17,11,0,1,0,7,11,1,24,4,56,36,20,6
7,Aston Villa,3,56,19,10,4,2,74,12,11,2,7,0,14,5,371,133,143,51,35,34,2,1,0,9,6,1,3,0,68,43,25,12,Southampton,4,44,9,4,1,0,69,17,1,4,1,1,4,5,312,129,87,17,100,20,2,2,0,11,10,7,32,7,51,36,15,6
7,Newcastle United,2,38,11,4,4,2,77,9,5,3,4,0,7,4,369,179,106,41,45,29,1,2,0,10,5,5,23,3,40,34,6,11,Everton,1,62,15,4,1,0,90,10,4,6,5,0,9,6,607,298,249,70,15,23,0,4,0,12,6,4,12,2,45,35,10,5
7,Manchester United,0,53,8,2,0,0,85,12,6,3,3,0,4,4,570,260,225,42,22,21,4,3,0,7,8,0,12,1,45,27,18,5,Arsenal,1,47,7,2,1,0,86,12,3,5,0,1,3,4,501,237,192,38,13,9,0,3,0,15,12,2,25,3,46,37,9,6
7,Tottenham Hotspur,2,43,9,3,3,1,76,14,4,6,0,2,5,4,387,164,130,40,22,28,0,2,0,9,10,2,16,1,46,29,17,2,Brighton & Hove Albion,1,57,6,2,0,0,81,13,5,2,2,0,5,1,503,217,189,47,24,24,4,1,0,8,7,0,12,2,44,32,12,6
7,Fulham,2,46,13,6,2,1,77,13,5,3,4,0,6,7,395,136,167,36,6,39,1,3,0,6,10,5,13,1,64,49,15,24,West Bromwich Albion,0,54,10,1,0,0,79,11,2,4,5,0,6,4,468,220,150,50,31,19,4,2,0,15,5,6,20,2,65,49,16,9
7,Leeds United,1,68,11,4,3,3,85,9,10,5,2,1,6,5,639,254,287,53,8,26,2,1,0,9,7,1,11,4,51,34,17,10,Leicester City,4,32,10,8,5,1,70,5,3,1,1,0,9,1,302,114,97,36,33,14,0,1,0,11,12,2,26,3,45,38,7,9
8,Brighton & Hove Albion,0,59,19,3,2,2,82,11,5,7,9,0,12,7,530,207,230,32,31,23,1,1,0,7,9,0,10,1,39,26,13,12,Burnley,0,41,4,1,0,0,76,5,3,3,0,0,3,1,376,176,109,41,38,16,1,0,0,10,15,9,31,3,55,30,25,5
8,Southampton,2,61,15,8,0,0,83,12,7,2,5,0,9,6,561,264,200,31,33,24,4,1,0,23,12,1,10,2,61,51,10,9,Newcastle United,0,39,4,2,0,0,75,11,3,1,1,0,3,1,360,175,95,36,40,20,1,2,0,7,10,6,13,5,41,33,8,9
8,Everton,1,55,7,1,0,0,85,12,5,5,1,1,5,2,523,257,185,52,21,19,3,4,0,12,6,3,10,2,74,55,19,12,Manchester United,3,45,13,5,4,2,81,19,2,5,3,0,7,6,453,174,195,35,50,19,1,2,0,4,9,1,22,0,45,31,14,6
8,Crystal Palace,4,35,10,6,3,1,73,9,3,2,2,0,7,3,332,116,127,40,10,17,1,0,0,6,13,2,30,2,53,38,15,8,Leeds United,1,65,9,3,1,0,82,16,6,4,2,0,5,4,599,259,234,61,17,22,1,2,0,15,14,2,11,3,55,41,14,8
8,Chelsea,4,70,20,9,4,1,88,5,6,5,6,2,10,10,762,349,320,62,31,20,1,0,0,5,10,2,14,2,43,30,13,3,Sheffield United,1,30,6,3,1,0,70,14,7,1,2,0,4,2,320,97,126,35,0,24,1,2,0,4,5,6,23,6,33,19,14,3
8,West Ham United,1,53,16,7,1,1,88,10,9,8,1,2,10,6,506,198,248,60,30,18,3,2,0,5,14,6,18,3,49,26,23,5,Fulham,0,47,13,3,2,2,83,9,5,4,6,0,7,6,460,164,218,33,37,17,2,2,0,7,5,1,24,6,53,30,23,9
8,West Bromwich Albion,0,41,12,2,1,1,66,17,9,7,3,1,7,5,340,95,131,34,20,21,1,1,0,14,11,8,11,4,73,42,31,11,Tottenham Hotspur,1,59,19,5,3,2,78,12,6,6,8,0,13,6,508,182,215,47,33,18,1,0,0,10,8,3,33,2,54,37,17,7
8,Leicester City,1,50,10,3,2,1,83,12,6,4,3,0,6,4,492,151,255,48,8,18,0,2,0,10,5,1,19,2,42,32,10,5,Wolverhampton Wanderers,0,50,8,2,1,1,82,8,3,5,1,0,4,4,505,208,207,49,30,23,0,3,0,8,10,2,10,2,51,34,17,6
8,Manchester City,1,55,7,2,2,2,85,19,1,4,1,0,4,3,555,280,192,48,11,15,2,3,0,5,5,3,20,2,32,24,8,3,Liverpool,1,45,10,3,1,0,82,11,2,4,3,0,5,5,459,228,147,35,9,23,5,1,0,9,4,1,7,1,42,39,3,8
8,Arsenal,0,59,13,2,2,2,85,11,3,8,3,0,8,5,538,276,182,42,12,23,1,0,0,2,8,10,12,3,39,28,11,8,Aston Villa,3,41,15,6,2,0,78,13,8,0,9,0,14,1,378,113,180,45,33,11,1,0,0,6,8,3,26,2,52,37,15,12
9,Newcastle United,0,29,8,1,0,0,74,11,7,4,3,1,4,4,287,98,113,43,5,17,2,2,0,1,5,5,23,2,39,24,15,7,Chelsea,2,71,14,3,4,3,90,12,4,6,5,0,9,5,746,291,379,63,33,13,2,0,0,6,9,3,25,1,46,27,19,5
9,Aston Villa,1,55,15,4,4,3,83,5,12,6,5,0,8,7,457,141,240,41,12,25,2,2,0,5,7,1,12,1,44,33,11,8,Brighton & Hove Albion,2,45,7,3,3,2,81,18,3,3,1,0,6,1,385,218,95,45,19,14,0,1,1,8,9,5,47,3,37,25,12,2
9,Tottenham Hotspur,2,34,4,2,2,0,73,13,0,0,2,0,1,3,318,145,88,44,50,8,1,2,0,14,8,10,30,5,53,45,8,4,Manchester City,0,66,22,5,2,2,89,19,10,6,11,0,15,7,599,173,359,69,23,11,2,2,0,8,9,2,5,0,53,42,11,17
9,Manchester United,1,63,17,7,3,2,85,12,8,2,8,0,11,6,663,249,313,63,20,21,1,1,0,5,14,1,7,2,71,46,25,18,West Bromwich Albion,0,37,7,2,1,1,78,17,2,4,1,1,6,1,385,172,128,41,25,19,1,1,0,8,20,8,17,6,46,39,7,14
9,Fulham,2,54,14,6,3,1,84,14,2,4,4,0,7,7,620,218,304,61,30,26,2,2,0,6,10,2,18,4,51,38,13,19,Everton,3,46,9,7,4,1,78,10,5,0,2,0,7,2,517,224,178,37,24,16,3,0,0,15,12,4,18,4,64,46,18,11
9,Sheffield United,0,51,9,5,2,2,80,7,2,3,1,1,6,3,517,162,253,44,14,18,4,0,0,14,8,7,15,2,58,37,21,6,West Ham United,1,49,15,3,2,2,80,6,6,5,7,1,13,2,497,166,231,49,27,27,2,0,0,8,9,1,12,5,58,27,31,8
9,Leeds United,0,66,25,4,2,2,85,9,5,16,5,3,15,10,610,226,293,48,26,16,0,3,0,8,9,1,14,2,41,30,11,4,Arsenal,0,34,9,2,1,1,71,8,3,6,1,0,5,4,310,132,88,24,23,16,2,0,1,5,11,5,29,4,44,33,11,14
9,Liverpool,3,56,24,13,7,6,85,15,10,8,3,2,19,5,572,251,237,46,32,16,2,0,0,4,10,2,15,4,41,28,13,13,Leicester City,0,44,11,4,3,3,78,6,3,5,2,0,7,4,441,212,134,44,18,22,1,2,0,4,17,5,19,9,65,44,21,15
9,Burnley,1,46,10,4,4,3,73,13,4,3,3,1,6,4,409,159,138,40,18,18,2,2,0,7,10,4,17,5,44,26,18,4,Crystal Palace,0,54,15,5,2,2,76,9,7,5,5,0,7,8,459,183,168,31,29,28,2,0,0,5,4,3,16,3,62,38,24,13
9,Wolverhampton Wanderers,1,45,20,9,2,1,81,14,7,5,6,1,15,5,416,172,163,53,22,17,2,2,0,8,8,2,17,1,60,40,20,15,Southampton,1,55,7,2,2,1,82,14,4,3,2,0,5,2,516,275,147,44,33,17,1,0,0,15,3,6,14,8,58,41,17,8
10,Crystal Palace,0,57,12,3,1,1,82,9,7,8,1,0,8,4,503,214,199,51,31,21,0,2,0,8,9,2,10,5,63,35,28,10,Newcastle United,2,43,14,7,2,1,74,10,3,5,2,0,7,7,375,130,146,51,24,24,0,2,0,11,12,1,18,3,59,36,23,4
10,Brighton & Hove Albion,1,40,11,3,3,2,77,9,4,6,2,0,7,4,352,168,104,41,23,20,2,2,0,11,14,3,14,1,60,47,13,13,Liverpool,1,60,6,2,0,0,81,13,3,1,3,0,3,3,526,208,220,39,17,29,2,1,0,9,8,2,15,2,46,28,18,7
10,Manchester City,5,69,19,6,2,0,89,12,6,10,3,1,13,6,720,344,298,70,18,15,2,0,0,4,4,2,20,1,38,19,19,8,Burnley,0,31,9,1,0,0,73,4,4,6,2,0,4,5,315,115,115,30,15,16,2,0,0,9,12,3,10,1,47,33,14,7
10,Everton,0,42,15,8,2,2,79,8,4,6,1,0,10,5,391,149,158,53,31,11,2,1,0,10,15,6,23,5,62,46,16,13,Leeds United,1,58,23,6,5,5,84,14,2,11,6,1,17,6,542,215,238,65,31,24,6,2,0,8,4,1,11,8,46,33,13,6
10,West Bromwich Albion,1,49,17,6,2,2,78,10,14,7,4,0,9,8,380,145,153,45,24,21,2,2,0,6,8,4,15,5,49,22,27,5,Sheffield United,0,51,21,5,6,6,81,9,9,10,6,0,18,3,402,120,205,51,30,18,2,3,0,8,7,4,20,5,55,35,20,13
10,Southampton,2,50,10,5,0,0,80,12,5,3,2,0,5,5,525,274,144,45,8,19,0,1,0,13,12,4,17,3,58,45,13,12,Manchester United,3,50,15,6,6,3,80,12,9,5,4,0,10,5,519,206,211,56,24,21,0,0,0,9,17,2,18,3,56,39,17,9
10,Chelsea,0,60,13,3,0,0,89,20,3,7,3,0,9,4,657,263,324,63,27,11,3,4,0,8,9,1,11,1,41,28,13,6,Tottenham Hotspur,0,40,5,1,0,0,81,9,3,3,1,0,2,3,438,183,171,44,29,19,1,2,0,1,9,3,12,3,44,30,14,9
10,Arsenal,1,56,13,2,2,2,85,13,8,7,4,0,10,3,494,176,244,58,9,21,2,3,0,6,9,4,16,3,43,27,16,2,Wolverhampton Wanderers,2,44,11,5,3,1,80,13,4,2,4,1,9,2,405,170,155,54,18,20,0,4,0,4,12,4,36,1,48,33,15,10
10,Leicester City,1,68,16,3,2,2,86,9,6,6,7,2,8,8,666,265,311,37,11,21,0,0,0,7,8,2,11,3,57,47,10,8,Fulham,2,32,10,5,4,2,71,21,5,3,2,0,7,3,317,97,128,36,25,16,0,2,0,12,18,6,31,2,54,43,11,11
10,West Ham United,2,34,6,2,1,0,64,20,3,1,3,0,4,2,272,103,70,40,18,17,1,1,0,4,8,3,29,5,49,19,30,5,Aston Villa,1,66,16,6,3,3,83,7,7,7,3,1,10,6,518,220,212,44,17,20,3,1,0,4,6,3,9,0,68,38,30,14
11,Burnley,1,41,8,3,1,1,79,6,8,2,3,0,5,3,396,138,173,40,15,21,0,0,0,8,15,4,20,5,59,41,18,17,Everton,1,59,13,6,4,3,83,9,4,3,4,0,8,5,581,294,186,52,11,20,3,0,0,15,12,3,22,2,59,37,22,13
11,Manchester City,2,69,15,5,6,4,90,7,9,8,2,1,13,2,793,316,396,48,18,22,1,0,0,11,13,1,7,1,42,34,8,12,Fulham,0,31,6,1,0,0,78,6,3,4,1,0,4,2,351,159,115,36,29,10,1,0,0,12,18,2,23,4,52,43,9,19
11,West Ham United,1,39,19,6,6,5,78,9,5,9,4,1,14,5,392,165,142,50,32,18,4,0,0,6,13,2,9,3,42,28,14,7,Manchester United,3,61,15,6,3,2,86,10,4,6,3,1,10,5,631,305,239,56,20,15,3,0,0,8,9,4,18,5,43,27,16,6
11,Chelsea,3,46,23,11,7,5,78,12,8,7,5,0,19,4,408,141,177,40,53,25,1,0,0,10,14,1,19,2,52,41,11,12,Leeds United,1,54,8,3,1,0,82,9,4,4,1,0,5,3,481,251,144,45,7,21,4,2,0,18,6,5,19,7,66,55,11,13
11,West Bromwich Albion,1,50,9,4,0,0,87,10,4,4,1,1,7,2,495,226,203,60,29,14,2,2,1,7,4,7,14,2,58,40,18,9,Crystal Palace,5,50,18,7,1,0,88,16,6,5,6,0,14,4,495,191,246,59,25,11,3,2,0,6,5,1,14,3,44,33,11,9
11,Sheffield United,1,30,4,1,0,0,67,13,6,2,1,0,3,1,273,76,106,32,18,22,4,1,0,4,9,5,26,2,53,30,23,8,Leicester City,2,70,13,4,2,0,85,6,5,4,5,2,9,4,674,236,338,56,7,19,4,3,0,12,7,1,17,0,64,45,19,16
11,Tottenham Hotspur,2,30,5,3,0,0,67,16,3,1,1,0,2,3,288,135,59,31,0,14,1,1,0,7,5,2,55,2,49,30,19,5,Arsenal,0,70,11,2,0,0,87,12,9,7,2,0,6,5,632,212,336,47,20,17,0,2,0,11,5,1,10,1,60,41,19,11
11,Liverpool,4,61,11,6,2,0,90,8,4,4,1,0,7,4,626,305,259,41,15,11,1,1,0,6,5,1,18,3,41,34,7,10,Wolverhampton Wanderers,0,39,9,3,0,0,84,14,6,5,1,0,6,3,395,172,161,62,24,13,3,1,0,6,13,1,15,3,42,33,9,6
11,Brighton & Hove Albion,1,48,12,4,3,2,73,12,4,8,0,0,11,1,377,154,122,37,18,30,2,3,0,11,10,3,19,1,60,47,13,15,Southampton,2,52,10,3,2,1,76,12,3,4,3,0,7,3,420,151,168,39,29,23,3,3,0,10,15,0,11,3,59,37,22,11
11,Aston Villa,2,59,14,5,4,3,88,9,4,6,3,0,9,5,567,265,234,68,25,15,1,0,0,6,12,2,27,1,48,32,16,3,Newcastle United,0,41,7,1,0,0,78,18,4,4,2,0,6,1,369,154,134,44,13,28,2,3,0,7,6,3,12,3,45,31,14,8
12,Leeds United,1,64,13,7,1,0,85,12,5,5,1,0,10,3,544,266,199,55,19,17,2,1,0,10,16,3,15,6,52,37,15,11,West Ham United,2,36,19,8,3,2,69,10,6,8,3,1,12,7,297,84,121,48,36,25,0,2,0,7,11,1,22,6,58,34,24,11
12,Wolverhampton Wanderers,0,50,16,7,1,1,77,23,5,4,5,1,10,6,348,134,133,46,23,18,0,2,1,11,7,5,34,1,69,47,22,18,Aston Villa,1,50,13,2,1,0,76,15,8,6,5,0,8,5,331,105,148,47,7,24,2,5,1,3,9,5,22,7,63,37,26,9
12,Newcastle United,2,45,12,7,1,0,80,9,4,1,4,0,9,3,401,169,152,41,26,23,3,2,0,2,13,5,25,2,46,26,20,7,West Bromwich Albion,1,55,13,3,0,0,81,12,3,4,6,0,4,9,484,164,228,53,8,22,2,3,0,11,5,5,13,4,49,31,18,6
12,Manchester United,0,46,11,2,0,0,85,13,4,6,3,0,7,4,502,301,126,40,50,14,2,1,0,16,11,4,13,2,49,39,10,10,Manchester City,0,54,9,2,3,3,87,6,3,3,4,0,6,3,580,278,225,59,9,21,2,1,0,4,13,3,1,2,40,32,8,14
12,Everton,1,28,9,4,1,0,67,10,6,3,2,0,8,1,241,74,88,38,24,24,4,2,0,7,26,3,33,3,62,40,22,16,Chelsea,0,72,10,3,1,1,84,11,6,4,3,1,4,6,639,300,239,48,13,35,1,3,0,9,6,2,15,3,60,40,20,15
12,Southampton,3,68,16,6,4,2,86,8,8,7,3,0,11,5,572,327,164,39,37,19,3,0,0,13,9,0,18,0,65,43,22,9,Sheffield United,0,32,3,0,0,0,69,14,4,3,0,0,3,0,259,65,114,36,13,23,0,1,0,11,13,3,19,3,46,31,15,6
12,Crystal Palace,1,43,16,5,2,1,79,15,4,5,6,1,11,5,344,134,139,57,36,23,4,1,0,8,16,3,26,5,50,28,22,7,Tottenham Hotspur,1,57,14,6,2,2,80,11,7,5,3,0,7,7,457,139,226,57,11,22,0,1,0,13,4,5,12,4,49,39,10,5
12,Fulham,1,25,10,5,4,4,67,9,6,4,1,0,6,4,227,66,87,44,18,19,2,3,0,8,17,2,42,5,51,32,19,11,Liverpool,1,75,12,6,3,2,87,5,8,2,4,0,7,5,707,251,363,50,12,27,2,1,0,12,7,1,22,4,54,42,12,14
12,Arsenal,0,65,18,6,3,3,83,5,13,6,6,0,12,6,557,252,210,39,18,31,3,2,1,5,8,3,10,2,36,26,10,4,Burnley,1,35,10,2,1,1,72,11,4,5,3,0,7,3,307,113,107,38,35,14,3,1,0,7,17,6,40,6,46,21,25,4
12,Leicester City,3,54,15,6,2,1,87,9,9,5,4,1,13,2,539,214,255,74,18,15,4,2,0,6,14,4,20,4,45,30,15,9,Brighton & Hove Albion,0,46,12,4,1,1,82,10,5,4,4,0,6,6,455,219,153,57,21,13,1,1,0,14,15,4,11,3,53,43,10,10
13,Wolverhampton Wanderers,2,45,12,4,0,0,80,12,5,6,2,0,6,6,418,177,159,51,12,14,1,2,0,10,14,4,34,2,69,42,27,15,Chelsea,1,55,13,3,2,2,86,12,6,6,4,1,7,6,494,187,237,70,24,17,0,2,0,6,7,2,19,2,48,36,12,10
13,Manchester City,1,77,26,7,4,3,90,5,13,11,8,0,17,9,752,178,500,76,28,20,3,2,0,4,8,0,10,1,47,28,19,9,West Bromwich Albion,1,23,5,1,1,1,59,8,2,4,0,0,3,2,224,72,61,32,40,12,2,3,0,8,12,8,31,7,38,23,15,6
13,Arsenal,1,35,9,4,1,0,77,13,2,3,2,1,5,4,340,156,106,48,9,18,1,1,1,6,17,2,28,2,46,28,18,8,Southampton,1,65,13,3,2,1,86,13,7,8,2,1,5,8,632,257,286,50,12,19,1,3,0,8,9,2,13,4,41,30,11,8
13,Leeds United,5,69,25,10,3,0,83,10,7,8,7,0,17,8,533,183,261,64,31,17,4,3,0,6,19,1,12,2,50,32,18,7,Newcastle United,2,31,10,4,2,1,66,13,4,5,1,0,8,2,246,70,92,28,40,13,2,1,0,3,10,7,33,5,51,32,19,14
13,Leicester City,0,61,14,2,1,1,85,12,4,4,8,0,5,9,547,273,191,46,25,22,2,2,0,11,10,4,13,4,50,41,9,11,Everton,2,39,11,6,2,1,77,9,6,1,4,0,9,2,344,160,105,54,25,19,2,3,0,7,7,7,16,2,48,36,12,11
13,Fulham,0,46,9,4,2,2,73,15,1,3,2,0,7,2,426,162,150,28,11,22,1,1,0,11,17,1,23,4,52,39,13,13,Brighton & Hove Albion,0,54,9,4,2,2,72,11,8,4,1,1,5,4,481,195,153,45,17,32,2,0,0,5,11,2,5,4,53,38,15,9
13,Liverpool,2,76,17,11,0,0,88,8,7,1,5,0,15,2,813,250,468,52,11,18,2,0,0,8,15,0,8,1,47,28,19,8,Tottenham Hotspur,1,24,8,2,4,3,61,9,4,6,0,1,5,3,254,99,57,32,10,14,0,2,0,14,14,5,29,9,52,37,15,4
13,West Ham United,1,52,9,2,0,0,86,8,5,7,0,0,5,4,439,187,189,58,25,22,0,0,0,12,13,2,15,1,56,36,20,6,Crystal Palace,1,48,8,2,2,1,77,12,3,4,2,0,7,1,422,140,187,28,43,20,0,1,1,20,4,0,20,1,57,39,18,8
13,Aston Villa,0,59,27,7,1,1,73,17,10,11,9,1,18,9,388,123,160,39,30,24,1,1,0,4,9,0,12,4,68,40,28,16,Burnley,0,41,6,4,0,0,61,19,1,2,0,0,3,3,273,76,90,35,15,19,2,1,0,10,16,9,25,6,62,37,25,4
13,Sheffield United,2,40,12,6,1,0,73,17,6,5,1,0,9,3,362,87,179,40,24,22,2,3,0,13,10,3,12,5,53,33,20,7,Manchester United,3,60,15,9,4,3,83,8,3,4,2,0,9,6,557,253,212,45,25,23,4,2,0,11,5,1,22,4,65,43,22,8
14,Crystal Palace,0,35,5,3,1,1,76,5,5,2,0,0,4,1,397,167,133,51,33,14,7,1,0,7,9,2,8,0,46,32,14,11,Liverpool,7,65,14,8,5,1,87,11,4,4,2,0,11,3,743,384,265,51,27,16,0,0,0,13,19,0,13,3,43,33,10,9
14,Southampton,0,48,9,3,1,1,82,9,6,3,3,0,7,2,498,249,159,39,25,21,3,2,0,13,10,2,4,4,54,45,9,9,Manchester City,1,52,11,5,1,1,85,11,6,4,2,0,5,6,547,261,205,43,11,22,2,2,0,7,11,3,18,3,52,38,14,16
14,Everton,2,42,9,2,1,1,81,9,4,4,3,0,3,6,401,167,157,42,28,17,1,1,0,6,11,4,17,1,42,28,14,7,Arsenal,1,58,13,2,1,0,89,9,3,7,4,0,9,4,551,239,250,56,26,16,0,3,0,6,8,3,11,1,37,27,10,9
14,Newcastle United,1,50,12,5,1,0,81,7,2,5,2,0,6,6,470,199,183,53,16,8,1,1,0,9,20,3,27,4,55,33,22,5,Fulham,1,50,11,4,2,2,82,17,9,4,3,0,6,5,480,220,175,52,27,18,0,3,1,4,12,2,20,4,43,27,16,13
14,Brighton & Hove Albion,1,74,21,5,4,3,85,9,14,8,8,1,16,5,545,199,264,58,32,24,1,1,0,3,1,0,6,2,54,31,23,9,Sheffield United,1,26,5,3,1,1,64,11,2,2,0,0,3,2,203,60,70,24,11,18,2,5,1,9,7,7,37,3,52,25,27,5
14,Tottenham Hotspur,0,56,8,3,1,1,79,15,5,4,1,0,5,3,518,202,206,46,39,23,2,2,0,12,8,7,13,3,76,46,30,12,Leicester City,2,44,17,4,1,0,79,14,3,6,7,0,12,5,406,153,168,39,25,16,4,2,0,14,10,1,26,3,66,42,24,9
14,Manchester United,6,42,26,14,7,3,77,6,11,6,6,0,19,7,354,137,136,42,42,15,2,1,0,12,10,7,30,2,61,44,17,19,Leeds United,2,58,17,4,3,3,83,6,13,6,7,0,14,3,478,221,177,54,20,22,4,0,0,9,13,6,12,8,43,25,18,4
14,West Bromwich Albion,0,33,1,1,0,0,67,14,1,0,0,0,0,1,282,109,81,26,10,11,1,1,1,9,16,2,26,7,50,31,19,9,Aston Villa,3,67,19,10,3,1,86,8,7,6,3,0,11,8,576,170,323,50,22,18,4,2,0,7,10,0,12,1,68,39,29,14
14,Burnley,2,36,10,4,2,1,66,11,1,5,1,1,6,4,260,68,104,45,19,17,1,2,0,8,10,7,21,2,52,34,18,5,Wolverhampton Wanderers,1,64,15,3,1,0,83,15,7,5,7,0,9,6,463,185,199,56,27,24,2,1,0,5,15,1,11,2,48,36,12,14
14,Chelsea,3,54,11,7,6,3,83,11,5,3,1,1,9,2,527,254,184,38,26,22,0,0,0,9,16,2,26,0,52,28,24,6,West Ham United,0,46,6,0,0,0,77,6,4,4,2,0,6,0,443,190,153,49,24,20,4,0,0,16,13,0,12,4,63,38,25,7
15,Leicester City,2,54,10,2,1,1,80,10,5,4,4,0,5,5,507,230,175,49,18,20,1,2,0,12,14,1,7,2,55,43,12,10,Manchester United,2,46,9,4,5,3,80,17,0,4,1,0,8,1,439,231,120,52,57,24,4,1,0,11,9,2,17,1,51,41,10,11
15,Aston Villa,3,39,20,9,8,6,72,18,4,6,5,3,17,3,298,68,146,44,41,13,1,1,1,6,12,1,26,6,76,46,30,14,Crystal Palace,0,61,13,6,1,1,82,16,4,6,1,0,6,7,475,194,194,26,15,17,2,4,0,7,7,5,11,6,58,38,20,9
15,Fulham,0,47,10,1,1,1,72,15,6,4,5,0,7,3,331,109,129,47,17,33,1,2,0,14,15,0,22,2,67,47,20,12,Southampton,0,53,3,2,1,1,72,12,3,1,0,0,1,2,396,152,133,31,8,27,4,0,0,17,19,5,19,1,72,56,16,9
15,Arsenal,3,39,15,7,3,2,70,13,7,4,4,1,12,3,328,131,98,33,6,24,1,2,0,7,7,4,18,2,49,33,16,7,Chelsea,1,61,19,3,3,2,85,10,9,11,5,1,11,8,506,210,218,57,24,12,0,1,0,3,14,4,16,4,67,31,36,9
15,Manchester City,2,75,11,6,7,5,91,5,7,2,3,1,8,3,862,344,437,56,9,17,1,2,0,5,8,2,15,2,42,32,10,12,Newcastle United,0,25,7,2,0,0,76,12,3,3,2,0,4,3,272,108,98,45,22,13,3,2,0,4,16,3,23,4,35,20,15,4
15,Sheffield United,0,44,10,2,1,1,73,11,5,5,3,0,9,1,420,142,163,40,40,26,0,2,0,9,11,1,17,2,54,34,20,7,Everton,1,56,7,3,1,1,79,10,3,3,1,0,4,3,545,267,165,52,23,24,2,4,0,9,8,4,23,1,74,42,32,18
15,Leeds United,1,51,11,4,3,2,74,8,4,5,2,0,6,5,424,212,103,37,8,18,3,0,0,9,8,3,36,6,57,35,22,8,Burnley,0,49,14,6,2,2,72,14,12,4,4,0,10,4,378,85,186,46,17,22,2,3,0,4,6,1,15,3,46,28,18,9
15,West Ham United,2,44,11,4,2,0,77,6,5,2,5,0,8,3,423,130,195,44,19,19,2,0,0,8,13,3,6,2,51,28,23,6,Brighton & Hove Albion,2,56,13,4,2,0,82,8,4,4,5,0,8,5,574,262,206,49,23,20,1,0,0,7,12,5,17,2,42,26,16,10
15,Liverpool,1,78,17,2,2,1,88,8,7,11,4,0,8,9,787,162,533,55,31,22,1,0,0,8,4,1,13,2,49,23,26,8,West Bromwich Albion,1,22,5,3,2,1,57,5,3,1,1,0,3,2,213,49,72,27,21,15,5,1,0,10,13,4,40,1,39,26,13,3
15,Wolverhampton Wanderers,1,55,11,6,1,1,86,20,9,2,3,0,7,4,542,227,237,66,17,22,2,4,0,13,12,1,6,2,68,47,21,14,Tottenham Hotspur,1,45,6,3,0,0,79,13,2,2,1,0,4,2,466,212,155,43,29,18,0,1,0,7,11,3,25,5,59,40,19,6
16,Crystal Palace,1,33,4,1,0,0,62,10,2,3,0,0,4,0,296,107,76,30,31,31,3,0,0,11,14,3,27,2,54,31,23,6,Leicester City,1,67,17,3,2,2,81,7,5,10,4,0,9,8,607,261,233,53,19,24,2,1,0,16,9,0,11,0,64,43,21,12
16,Chelsea,1,63,16,5,1,1,83,16,11,7,4,0,10,6,550,249,205,59,15,26,1,3,0,9,14,3,17,1,39,24,15,4,Aston Villa,1,37,10,2,1,0,72,3,4,5,3,1,7,3,314,106,120,42,11,24,1,1,0,8,13,4,20,4,63,44,19,10
16,Brighton & Hove Albion,0,50,13,2,0,0,82,11,5,5,6,0,9,4,492,221,183,56,30,23,0,2,0,10,7,2,7,2,58,34,24,13,Arsenal,1,50,11,3,1,1,86,4,4,6,2,0,9,2,511,265,173,42,31,17,0,0,0,5,10,6,14,2,37,25,12,5
16,Burnley,1,37,5,3,2,2,70,13,3,2,0,0,4,1,322,114,110,49,33,11,2,1,0,8,8,3,27,2,62,31,31,3,Sheffield United,0,63,7,3,1,1,81,17,5,2,2,0,4,3,551,166,281,30,13,27,2,2,0,9,8,0,7,2,57,35,22,11
16,Southampton,0,63,8,3,1,1,84,16,4,4,1,0,4,4,576,231,252,34,11,23,2,3,0,4,11,2,11,3,38,31,7,2,West Ham United,0,37,8,3,1,1,71,15,3,3,2,0,6,2,340,101,140,54,33,15,3,1,0,7,17,1,26,4,58,37,21,8
16,West Bromwich Albion,0,24,4,1,1,1,65,7,3,2,1,0,2,2,238,92,63,36,6,17,1,0,0,6,11,5,24,2,41,23,18,3,Leeds United,5,76,14,6,2,1,89,10,10,3,5,0,8,6,762,403,274,65,18,13,1,1,0,5,6,1,20,1,58,32,26,14
16,Manchester United,1,58,11,3,3,3,87,11,2,5,3,0,6,5,611,199,335,68,22,19,4,1,0,4,15,2,5,5,46,33,13,11,Wolverhampton Wanderers,0,42,9,5,0,0,81,7,2,2,2,1,7,2,439,212,145,48,36,15,2,1,0,7,11,3,24,2,43,34,9,7
16,Newcastle United,0,27,8,2,1,1,66,9,5,4,2,0,5,3,241,66,93,27,22,18,2,2,0,12,14,3,52,4,56,36,20,4,Liverpool,0,73,11,4,3,3,86,13,12,4,3,0,6,5,661,277,294,69,22,27,4,3,0,6,15,2,19,2,53,26,27,7
16,Tottenham Hotspur,1,52,15,6,7,6,82,13,6,6,3,1,10,5,522,222,205,33,38,23,2,1,0,7,13,6,16,3,60,41,19,13,Fulham,1,48,15,4,1,1,81,15,5,5,6,0,10,5,467,192,184,56,15,8,2,2,0,7,13,3,20,5,68,44,24,18
16,Everton,1,30,3,2,1,0,73,8,0,1,0,1,3,0,313,149,80,37,17,6,0,2,0,11,14,5,28,4,46,30,16,5,Manchester City,3,70,16,7,1,1,90,8,10,4,5,0,10,6,755,288,393,65,13,20,0,1,0,6,4,0,6,1,48,34,14,15
17,Everton,0,60,10,2,0,0,84,9,5,5,3,0,5,5,589,258,234,47,22,18,2,2,0,10,11,1,16,4,48,28,20,7,West Ham United,1,40,11,5,3,2,76,7,4,5,1,0,7,4,392,150,148,32,22,17,0,0,0,10,20,3,21,2,48,27,21,4
17,Manchester United,2,48,19,9,3,1,83,22,5,5,5,0,12,7,407,156,181,68,18,14,1,4,0,6,15,4,25,4,51,29,22,9,Aston Villa,1,52,15,5,2,1,80,10,10,6,4,0,12,3,417,158,174,45,30,18,1,0,0,13,11,5,18,7,65,50,15,10
17,Tottenham Hotspur,3,37,20,7,4,2,75,15,3,9,4,0,14,6,347,112,149,43,50,20,0,2,1,15,11,4,23,5,70,56,14,19,Leeds United,0,63,18,5,1,1,85,13,5,9,4,0,10,8,591,309,192,57,17,20,1,1,0,12,14,4,8,4,55,47,8,12
17,Crystal Palace,2,44,9,4,0,0,72,8,3,2,3,1,6,3,414,129,169,34,36,35,0,1,0,14,9,4,23,2,76,53,23,15,Sheffield United,0,56,7,2,0,0,81,18,6,1,4,0,4,3,510,240,171,50,20,39,3,3,0,13,18,3,8,2,62,37,25,7
17,Brighton & Hove Albion,3,54,13,4,3,1,86,13,5,3,6,1,10,3,548,269,205,53,42,17,1,2,0,9,15,3,11,2,54,35,19,7,Wolverhampton Wanderers,3,46,11,4,2,1,83,8,7,4,3,0,7,4,461,220,162,47,14,19,0,1,0,8,10,6,21,1,51,42,9,16
17,West Bromwich Albion,0,38,7,3,2,2,74,7,3,3,1,0,4,3,374,100,178,47,19,18,3,1,0,7,20,3,19,8,54,27,27,10,Arsenal,4,62,21,12,5,2,83,4,5,7,2,0,17,4,623,304,211,43,19,19,2,2,0,11,16,1,16,3,48,33,15,12
17,Newcastle United,1,43,8,2,0,0,70,10,3,3,3,0,5,3,371,139,122,41,21,28,3,0,0,9,15,1,11,1,62,38,24,11,Leicester City,2,57,9,3,1,1,80,11,6,5,1,0,4,5,492,252,144,37,24,13,3,2,0,5,20,3,22,1,52,33,19,10
17,Chelsea,1,55,9,2,1,0,90,11,5,2,5,0,5,4,654,325,266,65,16,16,2,3,0,7,18,4,5,3,43,36,7,16,Manchester City,3,45,18,6,6,4,88,10,3,8,4,1,14,4,554,256,232,53,29,18,0,1,0,10,15,5,17,1,52,38,14,9
17,Southampton,1,33,7,3,1,1,66,5,1,3,1,0,1,6,352,152,81,30,0,17,6,1,0,10,16,5,43,1,56,42,14,12,Liverpool,0,67,17,1,2,2,80,12,10,11,5,0,12,5,675,281,262,56,35,23,1,3,0,2,11,1,3,1,54,33,21,14
17,Burnley,1,46,8,3,3,3,68,7,5,5,0,0,7,1,400,131,141,32,38,28,6,1,0,6,8,0,10,2,56,29,27,6,Fulham,1,54,8,3,0,0,73,13,5,4,1,0,5,3,477,227,122,21,29,18,0,1,0,9,8,0,30,2,63,30,33,9
18,Sheffield United,1,66,17,4,2,1,87,13,5,6,7,0,13,4,559,169,315,61,21,24,2,2,0,4,8,1,16,3,50,29,21,7,Newcastle United,0,34,7,3,1,1,68,12,2,3,1,0,4,3,283,94,99,42,25,23,2,3,1,8,6,7,32,3,51,32,19,4
18,Wolverhampton Wanderers,1,53,12,3,1,0,91,6,6,6,3,1,7,5,558,250,259,59,12,13,0,2,0,9,13,1,14,1,40,32,8,9,Everton,2,47,5,3,1,1,89,11,5,1,1,0,5,0,500,258,186,66,10,18,1,2,0,7,10,3,23,2,44,28,16,11
18,Manchester City,1,65,16,6,4,4,90,4,8,4,6,1,13,3,726,255,397,61,20,15,2,0,0,10,13,1,13,1,61,45,16,18,Brighton & Hove Albion,0,35,5,1,0,0,78,12,4,3,1,0,2,3,384,178,120,42,7,12,2,2,0,15,11,6,17,5,46,36,10,11
18,Arsenal,0,67,11,4,0,0,87,11,7,5,2,0,5,6,692,286,314,62,24,13,1,1,0,8,10,4,8,2,63,46,17,18,Crystal Palace,0,33,12,2,0,0,76,11,3,6,4,1,8,4,339,131,127,32,44,12,1,1,0,7,17,2,24,4,56,42,14,17
18,West Ham United,2,59,14,6,3,1,82,10,3,5,3,0,8,6,541,200,246,54,25,25,2,0,0,3,3,0,18,2,48,26,22,12,West Bromwich Albion,1,41,6,2,1,1,72,10,1,4,0,0,2,4,375,121,150,41,13,17,0,1,0,11,8,3,23,4,47,31,16,3
18,Leicester City,2,36,8,6,4,3,82,7,6,2,0,1,5,3,340,154,124,51,11,21,1,1,0,11,11,1,15,5,53,40,13,6,Chelsea,0,64,9,5,0,0,88,16,3,3,1,0,8,1,636,326,233,66,47,23,3,3,0,17,5,0,17,4,53,43,10,11
18,Fulham,1,38,12,5,1,0,81,6,2,4,3,0,8,4,400,209,114,30,27,17,1,3,0,9,15,4,29,3,44,33,11,11,Manchester United,2,62,15,5,3,2,86,10,8,6,4,1,10,5,636,222,324,56,18,32,2,1,0,11,11,3,15,4,44,34,10,10
18,Liverpool,0,72,27,6,1,1,86,11,12,10,11,1,16,11,686,227,361,52,8,18,1,2,0,2,4,0,6,3,35,20,15,7,Burnley,1,28,6,4,1,0,67,8,0,2,0,0,5,1,274,88,95,44,10,6,6,1,0,6,14,11,52,6,44,23,21,3
18,Leeds United,3,47,11,7,2,2,68,11,2,4,0,0,9,2,319,147,69,40,38,20,1,1,0,15,10,2,20,5,50,43,7,6,Southampton,0,53,13,5,2,2,75,13,4,6,2,0,8,5,365,142,131,28,13,29,2,2,0,9,11,0,4,4,64,52,12,23
18,Aston Villa,0,50,8,1,0,0,77,18,5,2,5,1,4,4,416,165,157,39,12,19,1,3,0,14,12,3,17,1,64,46,18,9,Tottenham Hotspur,2,50,9,3,2,0,79,13,8,3,3,0,6,3,421,178,155,42,18,20,1,2,0,12,8,5,26,1,74,55,19,19
19,Wolverhampton Wanderers,2,68,23,6,2,0,83,10,11,10,7,0,15,8,549,232,225,54,32,28,0,2,0,8,10,2,8,2,75,44,31,18,West Bromwich Albion,3,32,12,5,3,1,67,14,0,5,2,0,8,4,270,82,99,27,0,25,2,1,0,10,7,7,32,4,52,30,22,3
19,Leeds United,0,67,7,2,0,0,83,8,5,3,2,0,4,3,601,305,192,34,17,21,3,1,0,7,10,2,13,1,54,40,14,18,Brighton & Hove Albion,1,33,7,2,1,0,69,9,2,3,2,0,5,2,305,91,120,40,0,27,0,1,0,3,13,2,23,2,40,26,14,9
19,West Ham United,1,45,15,4,1,0,73,12,7,6,5,1,12,3,364,128,137,40,16,19,5,2,0,5,10,5,28,2,65,34,31,18,Burnley,0,55,10,2,0,0,74,9,4,3,5,0,3,7,454,125,210,40,14,19,1,1,0,6,15,6,25,2,56,30,26,6
19,Fulham,0,30,10,3,1,1,73,11,1,5,2,0,7,3,328,114,124,45,27,25,1,2,1,10,18,8,33,5,62,40,22,10,Chelsea,1,70,21,6,2,2,88,10,12,7,8,1,13,8,757,297,371,50,17,22,3,3,0,9,8,3,12,2,49,35,14,7
19,Leicester City,2,47,16,5,3,2,72,10,2,9,2,0,13,3,445,174,145,40,27,19,5,2,0,12,10,0,21,3,71,47,24,15,Southampton,0,53,8,3,1,1,75,11,5,5,0,1,5,3,493,204,167,43,12,23,1,2,0,8,8,3,13,2,54,38,16,16
19,Sheffield United,1,42,15,5,1,0,78,13,5,3,7,0,7,8,413,121,200,33,18,22,4,4,0,11,13,5,21,2,56,30,26,8,Tottenham Hotspur,3,58,14,5,2,1,83,4,7,4,5,1,5,9,580,304,177,40,15,23,1,0,0,8,11,7,17,4,59,42,17,12
19,Liverpool,0,66,17,3,1,1,86,15,7,6,8,0,9,8,667,272,304,63,14,19,1,2,0,9,12,3,11,4,42,37,5,15,Manchester United,0,34,8,4,2,2,73,6,3,1,3,0,5,3,344,165,87,43,36,21,8,1,0,10,8,8,33,3,61,48,13,13
19,Manchester City,4,72,13,6,1,0,90,9,11,3,4,0,7,6,747,250,425,60,24,19,0,0,0,10,8,1,4,0,45,31,14,7,Crystal Palace,0,28,2,0,0,0,72,8,1,1,1,0,1,1,288,145,63,29,20,21,0,0,0,9,8,4,29,2,39,27,12,4
19,Arsenal,3,66,20,6,3,2,90,9,7,11,3,1,14,6,634,287,283,65,27,10,4,0,0,5,9,1,12,1,33,24,9,9,Newcastle United,0,34,4,1,0,0,75,8,2,2,1,0,3,1,323,135,107,50,10,16,1,0,0,4,3,3,10,3,45,29,16,9
19,Aston Villa,0,58,13,2,1,1,84,9,9,7,4,0,7,6,502,238,183,57,20,17,0,2,0,5,6,1,16,5,47,31,16,12,Everton,0,42,15,5,0,0,81,12,1,9,1,0,10,5,362,150,145,61,33,11,2,1,0,4,8,3,17,2,45,23,22,6
20,Crystal Palace,2,54,6,3,1,1,79,9,3,3,0,0,2,4,536,198,224,45,22,22,0,0,0,8,14,4,9,5,65,34,31,9,West Ham United,3,46,17,7,5,2,75,8,4,6,4,2,10,7,460,176,171,29,27,27,2,0,0,11,11,0,16,1,51,36,15,10
20,Newcastle United,1,42,22,5,1,0,71,10,9,10,7,1,9,13,313,104,118,27,19,20,1,1,0,6,6,3,20,1,64,39,25,16,Leeds United,2,58,9,2,0,0,73,15,4,4,3,1,8,1,450,217,113,46,18,26,0,3,0,7,8,7,21,4,59,32,27,8
20,Southampton,1,58,13,5,1,1,85,11,4,5,3,0,8,5,493,254,167,38,42,23,2,1,0,11,12,1,17,1,47,37,10,14,Arsenal,3,42,9,5,4,1,77,6,5,4,0,0,7,2,353,138,135,53,19,22,2,2,0,8,7,3,15,4,49,38,11,12
20,West Bromwich Albion,0,22,4,1,1,1,66,8,3,2,1,0,4,0,247,99,64,36,20,17,0,2,0,6,14,7,24,2,32,22,10,3,Manchester City,5,78,18,7,2,0,91,8,8,4,7,1,12,6,888,339,471,59,19,17,1,0,0,5,4,1,15,1,59,32,27,16
20,Burnley,3,38,10,5,1,0,59,16,2,3,2,0,5,5,290,70,100,30,28,27,3,1,0,13,10,3,20,8,57,32,25,4,Aston Villa,2,62,18,10,5,3,78,7,4,5,3,1,14,4,475,193,176,37,23,30,2,0,0,2,7,2,16,2,51,28,23,6
20,Chelsea,0,79,14,5,0,0,93,14,12,5,4,0,9,5,898,246,586,69,17,17,2,1,0,11,6,0,8,0,40,27,13,6,Wolverhampton Wanderers,0,21,4,0,1,1,72,7,1,4,0,1,2,2,242,126,48,42,17,17,0,1,0,4,16,4,30,5,41,28,13,9
20,Brighton & Hove Albion,0,50,16,5,3,3,71,10,10,5,6,0,12,4,411,116,177,39,24,22,3,2,0,14,14,3,6,2,78,50,28,13,Fulham,0,50,10,3,0,0,74,14,0,5,2,0,8,2,439,188,136,32,27,18,0,1,0,7,16,6,20,5,58,32,26,11
20,Everton,1,35,8,2,0,0,76,12,5,4,2,0,5,3,298,136,91,38,23,17,2,1,0,9,11,10,23,5,51,36,15,12,Leicester City,1,65,19,6,0,0,86,10,11,3,10,0,7,12,573,255,239,62,0,24,1,1,0,12,8,2,20,1,59,40,19,9
20,Manchester United,1,76,16,4,1,1,89,10,7,5,7,0,10,6,803,317,394,80,17,23,0,1,0,11,4,1,8,1,72,49,23,17,Sheffield United,2,24,5,3,0,0,69,12,2,1,1,0,5,0,257,86,91,17,14,12,5,1,0,9,16,7,28,3,33,28,5,3
20,Tottenham Hotspur,1,50,3,2,0,0,84,9,1,1,0,0,1,2,592,288,210,47,0,17,2,1,0,8,11,1,18,4,46,34,12,10,Liverpool,3,50,14,7,4,2,86,11,2,6,1,0,11,3,587,211,293,51,25,17,2,2,0,8,16,0,12,1,41,30,11,13
21,Everton,0,61,11,3,0,0,85,13,7,6,2,0,8,3,488,231,183,61,8,14,4,3,0,12,9,5,26,1,49,28,21,6,Newcastle United,2,39,13,3,4,3,75,6,12,5,5,1,9,4,301,89,137,44,23,21,0,4,0,8,10,2,27,3,46,34,12,8
21,Crystal Palace,1,47,11,2,2,2,87,7,1,6,3,1,5,6,518,236,214,47,20,18,1,1,0,6,8,1,15,4,43,34,9,11,Wolverhampton Wanderers,0,53,6,4,1,1,88,10,6,1,1,0,4,2,560,296,197,50,32,14,1,2,0,15,6,3,11,1,52,44,8,13
21,Manchester City,1,75,10,5,2,1,91,7,10,1,4,0,6,4,805,283,446,70,24,18,0,0,0,7,4,1,6,1,44,30,14,8,Sheffield United,0,25,4,1,0,0,75,10,0,2,1,0,0,4,273,126,80,40,0,10,1,3,0,7,10,4,22,4,40,26,14,4
21,West Bromwich Albion,2,38,5,3,2,0,64,9,2,2,0,0,4,1,336,116,99,31,35,19,1,1,0,7,14,2,20,5,50,30,20,8,Fulham,2,62,12,7,3,1,81,10,3,3,2,1,8,4,574,245,219,44,11,20,1,0,0,5,6,0,17,1,63,27,36,10
21,Arsenal,0,43,17,3,0,0,81,9,4,8,6,1,8,9,436,189,163,35,42,9,0,1,0,7,13,3,21,3,45,35,10,6,Manchester United,0,57,14,3,2,2,86,16,7,8,3,0,8,6,566,219,267,53,25,25,2,3,0,4,16,6,13,3,37,25,12,6
21,Southampton,0,60,20,5,4,4,81,12,7,6,9,0,11,9,487,224,171,33,13,25,4,1,0,13,8,1,11,3,57,46,11,12,Aston Villa,1,40,8,4,1,0,74,11,1,3,1,0,7,1,336,108,141,52,10,23,5,0,0,13,16,10,22,4,55,38,17,4
21,Chelsea,2,71,19,8,2,2,87,7,4,9,2,0,11,8,723,302,325,55,21,22,2,0,0,8,9,0,17,0,44,31,13,9,Burnley,0,29,1,0,0,0,65,9,2,1,0,0,1,0,287,84,103,39,18,21,2,1,0,6,10,2,21,7,50,28,22,6
21,Leicester City,1,51,18,8,3,3,75,17,5,4,6,0,7,11,404,143,160,37,14,21,2,0,0,11,14,2,7,3,65,43,22,12,Leeds United,3,49,8,7,4,2,72,16,4,0,1,0,7,1,389,191,90,23,22,20,2,3,0,16,19,6,19,7,59,47,12,4
21,West Ham United,1,33,8,2,1,0,77,7,6,3,3,0,6,2,365,172,108,34,23,8,2,2,0,10,18,3,12,2,36,24,12,6,Liverpool,3,67,14,5,3,1,89,8,4,6,3,0,10,4,785,317,383,52,15,15,1,0,0,8,4,2,13,1,39,27,12,8
21,Brighton & Hove Albion,1,43,16,5,1,1,80,11,9,7,4,1,11,5,407,148,179,40,35,16,1,2,0,12,21,3,15,4,44,37,7,7,Tottenham Hotspur,0,57,8,4,0,0,82,11,2,1,3,0,3,5,556,217,238,47,20,26,1,1,0,6,10,6,22,2,51,40,11,16
22,Sheffield United,2,68,14,6,1,0,83,11,9,4,4,0,9,5,593,215,280,50,7,28,0,2,0,11,10,2,22,3,66,39,27,10,West Bromwich Albion,1,32,8,4,3,2,65,9,2,2,2,0,7,1,268,79,95,36,24,18,3,1,0,11,12,4,25,4,60,30,30,2
22,Wolverhampton Wanderers,2,55,11,7,2,1,91,11,9,4,0,0,7,4,576,258,266,65,15,18,1,3,0,7,6,4,17,2,46,35,11,18,Arsenal,1,45,9,3,1,1,89,8,6,1,5,1,6,3,488,244,191,33,17,8,3,2,2,7,4,0,25,5,43,31,12,8
22,Manchester United,9,75,24,14,8,1,88,11,5,5,5,0,14,10,626,132,420,68,18,18,3,2,0,10,8,0,4,1,38,26,12,7,Southampton,0,25,3,1,1,1,65,6,3,2,0,0,1,2,215,107,33,14,0,8,2,3,2,10,13,5,30,6,40,32,8,3
22,Newcastle United,1,61,21,5,2,2,85,14,9,10,6,0,15,6,610,269,247,53,36,24,1,1,0,6,7,1,8,1,56,33,23,12,Crystal Palace,2,39,6,3,1,1,76,11,1,2,1,0,3,3,397,141,161,33,38,11,2,3,0,6,11,6,21,4,50,35,15,8
22,Burnley,0,26,2,0,0,0,74,8,1,2,0,0,1,1,271,119,81,48,0,12,3,2,0,7,8,6,17,4,41,27,14,5,Manchester City,2,74,13,6,3,1,92,5,3,1,6,0,8,5,804,309,429,60,10,11,2,1,0,7,6,0,13,0,40,23,17,8
22,Fulham,0,58,8,1,1,1,83,17,5,4,3,0,4,4,598,275,223,47,24,27,1,3,0,13,13,2,16,3,66,50,16,18,Leicester City,2,42,9,5,2,0,77,10,2,2,2,0,7,2,447,207,136,36,25,26,3,1,0,12,9,3,23,1,57,42,15,9
22,Leeds United,1,63,16,7,1,1,83,12,7,6,3,2,12,4,561,248,216,36,20,25,0,2,0,11,11,0,11,4,48,37,11,9,Everton,2,37,10,6,3,1,76,12,1,4,0,0,6,4,331,129,121,42,25,21,1,3,0,7,10,3,33,6,63,39,24,14
22,Aston Villa,1,56,9,2,1,0,83,11,7,5,2,1,6,3,480,186,211,59,17,17,1,1,0,6,4,6,14,6,54,39,15,10,West Ham United,3,44,20,10,2,2,78,16,3,4,6,0,11,9,376,117,175,51,38,17,1,1,0,8,5,2,23,1,44,31,13,6
22,Liverpool,0,63,11,1,2,2,86,12,5,4,6,0,5,6,697,239,360,40,11,25,0,1,0,9,12,2,15,3,32,23,9,6,Brighton & Hove Albion,1,37,13,4,1,0,75,6,3,7,2,0,12,1,404,181,121,47,50,16,3,0,0,3,15,6,29,1,47,29,18,4
22,Tottenham Hotspur,0,42,7,2,1,1,82,20,2,5,0,0,3,4,457,229,145,38,18,20,0,2,0,8,13,7,19,1,55,41,14,14,Chelsea,1,58,16,2,1,0,89,14,7,7,7,0,12,4,630,278,282,45,21,11,3,3,0,6,13,0,13,2,62,43,19,13
23,Aston Villa,1,34,12,8,1,1,73,12,3,3,1,0,9,3,316,103,129,46,25,21,1,3,0,8,10,5,27,3,63,39,24,10,Arsenal,0,66,14,3,0,0,87,12,7,6,5,0,10,4,597,232,290,47,20,15,0,2,0,7,6,1,9,7,47,28,19,5
23,Burnley,1,54,20,7,2,2,80,8,8,7,6,0,12,8,444,162,191,52,21,17,3,2,0,8,6,2,12,1,59,28,31,11,Brighton & Hove Albion,1,46,10,2,0,0,76,10,7,6,2,0,5,5,379,158,129,29,21,15,0,0,0,3,10,4,20,6,40,18,22,4
23,Newcastle United,3,26,6,4,1,0,58,11,0,1,1,0,4,2,221,64,64,27,0,17,3,2,1,11,12,4,35,3,60,41,19,12,Southampton,2,74,14,5,2,2,84,14,7,5,4,1,10,4,610,200,314,47,13,19,5,1,0,10,11,1,9,1,46,32,14,4
23,Fulham,0,61,20,2,2,2,84,11,7,12,6,0,13,7,550,277,186,40,28,15,1,1,0,9,11,1,11,1,42,31,11,8,West Ham United,0,39,8,1,1,1,73,10,3,6,1,1,7,1,354,144,114,39,47,20,4,3,1,6,6,6,24,3,49,23,26,4
23,Manchester United,3,62,14,5,3,2,90,14,5,6,3,0,9,5,653,253,332,66,23,14,0,2,0,7,8,0,9,0,45,34,11,11,Everton,3,38,6,3,3,1,81,10,1,3,0,1,5,1,397,227,95,51,13,20,4,1,0,10,10,3,21,2,46,35,11,5
23,Tottenham Hotspur,2,66,13,6,4,2,86,16,8,4,3,0,9,4,589,215,292,40,5,23,1,1,0,10,4,0,8,1,53,39,14,10,West Bromwich Albion,0,34,4,1,1,1,72,12,0,3,0,0,4,0,303,134,84,40,55,16,4,2,0,14,5,3,30,4,68,43,25,3
23,Wolverhampton Wanderers,0,44,13,1,2,2,81,11,8,6,6,0,7,6,429,207,142,51,23,20,0,1,0,12,15,5,14,3,61,50,11,17,Leicester City,0,56,13,3,1,1,87,15,2,5,5,0,6,7,567,258,235,59,33,23,1,3,0,12,5,5,22,1,46,37,9,8
23,Liverpool,1,56,8,3,1,0,88,13,6,2,3,0,5,3,649,311,262,53,14,25,1,2,0,9,11,0,9,1,45,35,10,9,Manchester City,4,44,8,5,5,2,86,8,1,3,0,0,6,2,519,261,183,51,0,11,2,1,0,14,15,3,24,2,57,50,7,17
23,Sheffield United,1,31,8,3,1,1,72,8,1,3,2,0,5,3,338,112,132,38,0,24,2,1,0,9,12,3,15,0,52,38,14,12,Chelsea,2,69,9,3,3,1,87,8,8,4,2,0,7,2,756,359,295,63,43,20,2,0,0,8,5,2,19,3,57,37,20,12
23,Leeds United,2,68,17,7,4,3,87,7,5,7,3,1,14,3,714,396,228,58,60,17,1,0,0,10,6,3,11,3,48,34,14,5,Crystal Palace,0,32,8,3,0,0,77,8,3,2,3,0,5,3,332,120,135,45,30,20,1,2,0,5,3,3,18,5,39,26,13,8
24,Leicester City,3,38,11,6,4,2,69,7,2,4,1,1,8,3,357,180,67,28,33,12,2,1,0,15,17,8,38,3,53,42,11,13,Liverpool,1,62,15,4,2,2,83,6,12,3,8,0,11,4,561,209,256,53,6,25,1,2,0,10,14,1,4,3,63,51,12,22
24,Crystal Palace,0,53,13,3,0,0,76,15,7,3,7,0,8,5,427,149,177,46,16,25,3,0,0,8,5,6,12,1,64,42,22,12,Burnley,3,47,16,4,2,0,73,14,4,6,6,0,8,8,390,121,163,43,36,11,1,0,0,9,12,6,22,3,70,42,28,11
24,Manchester City,3,60,15,6,3,1,91,12,4,4,5,1,11,4,698,248,387,66,20,9,1,1,0,10,8,2,7,3,60,51,9,17,Tottenham Hotspur,0,40,7,3,0,0,86,13,2,2,2,1,3,4,456,253,138,42,13,8,0,3,0,9,8,5,14,3,64,55,9,20
24,Brighton & Hove Albion,0,58,26,9,2,2,82,16,9,7,10,0,15,11,509,219,196,41,35,26,0,2,0,8,8,2,12,1,47,28,19,5,Aston Villa,0,42,4,1,0,0,76,12,2,1,2,0,1,3,372,139,142,43,0,20,3,3,0,5,12,10,24,9,40,30,10,6
24,Southampton,1,51,7,3,2,1,79,10,4,3,1,0,4,3,476,239,137,22,18,17,6,2,0,12,14,2,15,2,58,41,17,9,Wolverhampton Wanderers,2,49,10,4,1,0,75,9,6,3,3,0,6,4,448,179,158,42,16,27,1,2,0,2,13,1,13,2,43,25,18,8
24,West Bromwich Albion,1,27,7,3,2,2,66,13,4,4,0,0,6,1,253,79,87,26,33,11,2,5,0,7,12,4,29,5,42,28,14,6,Manchester United,1,73,10,7,0,0,86,10,5,0,3,0,6,4,707,223,386,58,23,28,3,0,0,7,2,0,9,2,52,32,20,10
24,Arsenal,4,46,13,5,3,1,76,8,4,3,5,1,8,5,423,179,144,32,22,23,2,0,0,2,16,2,15,3,39,27,12,7,Leeds United,2,54,9,5,1,0,79,17,5,2,2,0,5,4,498,232,162,35,12,18,0,2,0,9,11,5,9,1,39,25,14,7
24,Everton,0,50,7,2,0,0,84,7,5,3,2,1,4,3,534,310,136,49,14,21,3,1,0,11,5,3,14,1,56,41,15,8,Fulham,2,50,12,3,3,1,86,16,4,6,3,0,8,4,545,229,237,45,20,21,2,1,0,4,12,2,24,2,34,25,9,8
24,West Ham United,3,46,13,9,3,1,81,11,7,3,1,0,9,4,429,195,153,50,13,16,1,0,0,2,9,1,19,5,43,28,15,7,Sheffield United,0,54,8,5,2,2,85,12,7,2,1,0,5,3,500,169,258,51,31,17,1,2,0,13,6,1,19,6,51,36,15,7
24,Chelsea,2,66,18,6,4,2,88,9,10,7,5,0,15,3,564,276,218,62,30,15,0,0,0,10,6,1,17,4,59,39,20,9,Newcastle United,0,34,10,4,0,0,78,13,5,4,2,0,7,3,289,105,120,39,31,25,2,0,0,7,8,6,18,3,46,35,11,11
25,Wolverhampton Wanderers,1,41,15,5,0,0,76,13,7,5,5,1,5,10,308,99,135,38,8,31,1,1,0,11,10,6,12,7,42,30,12,6,Leeds United,0,59,18,7,4,4,80,8,9,5,6,1,15,3,440,224,129,54,45,19,1,0,0,11,11,5,14,5,50,31,19,4
25,Southampton,1,29,4,1,1,0,66,10,3,3,0,1,4,0,295,114,80,25,25,23,0,1,0,8,15,1,18,2,39,29,10,2,Chelsea,1,71,9,3,2,1,85,10,6,4,2,0,6,3,727,349,271,56,13,24,4,1,0,11,12,0,6,0,72,49,23,18
25,Burnley,0,62,6,1,1,1,75,16,5,4,1,0,4,2,433,134,191,31,27,27,4,3,0,12,5,2,16,2,53,31,22,5,West Bromwich Albion,0,38,10,3,3,3,60,10,5,6,1,1,3,7,267,78,82,32,0,19,3,0,1,10,10,1,24,1,65,37,28,6
25,Liverpool,0,71,15,6,2,2,88,10,7,7,2,0,8,7,693,271,338,42,17,26,2,2,0,10,10,0,10,4,56,42,14,16,Everton,2,29,9,6,4,2,68,10,2,3,0,0,4,5,279,105,85,34,25,15,2,1,0,12,8,2,32,6,50,34,16,3
25,Fulham,1,65,15,7,2,1,83,11,6,6,2,0,7,8,597,262,232,44,18,22,1,1,0,3,7,0,19,2,72,46,26,26,Sheffield United,0,35,4,2,2,2,65,14,4,2,0,0,4,0,321,120,89,43,8,30,3,2,0,10,8,4,23,4,60,33,27,3
25,West Ham United,2,31,4,4,2,1,62,14,5,0,0,0,4,0,253,70,86,36,23,21,1,4,0,14,13,3,27,3,61,38,23,8,Tottenham Hotspur,1,69,20,4,0,0,83,7,7,13,3,1,8,12,569,219,252,31,20,14,0,3,0,7,7,0,15,2,58,38,20,11
25,Aston Villa,1,50,11,2,2,1,80,11,7,5,4,0,6,5,430,177,168,53,21,40,4,2,0,10,9,7,9,5,59,37,22,9,Leicester City,2,50,16,7,1,0,83,12,8,2,7,0,8,8,450,180,194,28,8,16,1,1,0,13,12,4,23,1,50,29,21,4
25,Arsenal,0,45,7,1,0,0,85,11,1,3,3,0,5,2,479,263,144,48,21,9,1,2,0,3,6,6,12,2,38,25,13,10,Manchester City,1,55,15,3,3,2,89,9,3,6,6,0,12,3,599,195,336,50,14,14,3,2,0,3,7,3,17,1,44,35,9,19
25,Manchester United,3,72,15,7,2,0,87,9,6,4,4,0,9,6,692,294,306,48,31,16,2,1,0,6,5,1,12,5,52,34,18,12,Newcastle United,1,28,10,6,0,0,69,11,4,3,1,0,3,7,270,97,89,23,15,15,1,2,0,9,7,3,15,4,42,33,9,8
25,Brighton & Hove Albion,1,74,25,5,3,2,88,11,13,11,9,0,20,5,715,253,374,73,34,30,3,2,0,6,7,0,4,0,41,27,14,10,Crystal Palace,2,26,3,2,0,0,66,6,0,1,0,0,2,1,250,120,46,36,40,18,1,0,0,14,15,9,32,4,52,35,17,4
26,Manchester City,2,63,10,3,1,0,89,8,4,2,5,0,5,5,675,246,358,69,18,19,2,1,0,7,14,2,10,2,41,28,13,8,West Ham United,1,37,9,3,3,2,81,11,2,4,2,1,6,3,394,200,118,47,23,9,1,1,0,9,20,5,18,1,32,22,10,3
26,West Bromwich Albion,1,30,6,2,1,1,62,11,7,3,1,0,4,2,230,63,79,20,25,28,1,0,0,5,14,2,16,6,53,32,21,8,Brighton & Hove Albion,0,70,15,6,4,4,82,13,4,7,2,2,10,5,553,233,220,27,6,17,0,0,0,10,9,1,19,1,51,37,14,8
26,Leeds United,0,69,13,3,1,1,80,14,7,5,5,0,7,6,517,221,192,52,11,32,0,3,0,10,7,2,6,3,55,39,16,8,Aston Villa,1,31,9,4,1,0,60,14,5,3,2,0,6,3,227,62,75,33,45,18,0,2,0,13,13,5,21,3,60,39,21,10
26,Newcastle United,1,48,19,7,3,3,84,11,3,6,6,1,11,8,388,163,163,48,24,13,2,2,0,12,14,3,15,3,55,42,13,12,Wolverhampton Wanderers,1,52,14,4,2,2,80,13,5,7,3,0,7,7,423,161,178,52,29,16,0,0,0,3,6,6,13,5,64,43,21,19
26,Crystal Palace,0,40,3,0,0,0,76,10,1,1,2,0,2,1,364,164,111,51,45,21,1,1,0,8,20,2,14,4,63,41,22,8,Fulham,0,60,16,4,1,1,83,14,3,10,2,0,8,8,540,223,225,60,55,31,0,1,0,10,4,2,16,1,63,44,19,16
26,Leicester City,1,44,8,3,1,1,77,15,2,2,3,0,6,2,408,195,121,43,11,14,0,2,0,12,12,4,15,1,44,30,14,6,Arsenal,3,56,12,4,2,0,83,3,7,4,4,0,6,6,507,215,204,45,39,25,1,1,0,8,9,2,10,2,45,32,13,9
26,Tottenham Hotspur,4,58,16,7,3,2,84,6,3,7,2,0,9,7,633,352,178,51,10,18,0,0,0,9,9,3,26,3,63,39,24,17,Burnley,0,42,10,3,1,1,78,10,4,4,3,0,6,4,439,161,181,40,14,14,0,0,0,5,12,2,12,3,47,20,27,4
26,Chelsea,0,58,18,6,1,1,89,11,3,5,7,0,8,10,608,307,235,50,13,18,1,1,0,13,12,5,20,4,58,52,6,16,Manchester United,0,42,11,4,0,0,82,12,4,2,5,0,2,9,443,201,163,56,0,26,3,2,0,5,6,5,17,6,37,31,6,6
26,Sheffield United,0,39,8,2,2,2,75,9,4,4,2,0,5,3,406,142,162,48,26,22,3,0,0,8,11,4,17,7,48,23,25,3,Liverpool,2,61,16,8,6,5,84,9,3,4,4,0,13,3,638,259,274,48,29,18,1,0,0,8,5,2,15,3,48,28,20,7
26,Everton,1,47,7,1,2,1,75,13,4,2,4,0,6,1,410,205,101,53,23,22,4,0,0,10,12,4,23,1,81,43,38,14,Southampton,0,53,9,1,2,2,77,9,10,4,4,0,6,3,462,209,149,33,5,21,0,2,0,14,16,4,13,0,57,43,14,4
27,Burnley,1,41,9,5,2,1,72,5,2,4,0,0,6,3,419,139,163,44,6,21,2,1,0,11,11,7,16,1,55,29,26,4,Arsenal,1,59,15,3,4,4,82,12,3,6,6,1,11,4,595,268,220,26,25,22,2,1,0,6,5,0,17,4,45,19,26,3
27,Sheffield United,0,51,8,2,2,2,70,17,7,5,1,0,4,4,393,125,150,42,29,26,2,4,0,11,9,4,21,5,59,37,22,10,Southampton,2,49,15,7,3,2,75,11,3,4,4,0,7,8,390,174,120,34,20,19,2,3,0,10,11,1,23,2,61,45,16,11
27,Aston Villa,0,49,9,1,1,1,78,13,5,5,3,2,6,3,410,183,136,48,14,21,3,1,0,12,7,2,16,2,57,41,16,6,Wolverhampton Wanderers,0,51,10,2,3,3,83,13,3,6,2,1,5,5,424,173,177,46,21,19,0,0,0,7,13,3,29,1,46,31,15,8
27,Brighton & Hove Albion,1,37,7,2,1,0,75,14,6,3,2,1,6,1,340,129,127,40,25,22,4,0,0,20,9,0,5,2,53,44,9,7,Leicester City,2,63,8,4,2,0,84,8,6,4,0,0,5,3,616,305,215,51,23,24,1,1,0,12,21,2,16,1,57,44,13,11
27,West Bromwich Albion,0,53,13,3,2,2,74,11,9,6,4,0,8,5,396,109,186,46,22,26,1,0,0,7,11,2,21,5,69,34,35,13,Newcastle United,0,47,9,5,0,0,67,10,7,2,2,0,7,2,365,163,83,29,10,25,1,0,0,9,11,4,30,3,59,32,27,4
27,Liverpool,0,63,16,3,0,0,84,10,9,11,2,1,10,6,708,236,358,37,21,22,3,2,0,10,9,2,13,2,43,26,17,7,Fulham,1,37,10,3,1,1,78,8,4,5,2,0,9,1,414,205,116,46,18,14,1,3,0,5,19,2,42,3,49,33,16,8
27,Manchester City,0,66,23,6,2,2,90,9,6,10,7,1,13,10,715,233,410,68,19,20,0,0,0,8,14,2,7,4,49,39,10,12,Manchester United,2,34,8,6,3,2,78,12,2,0,2,0,7,1,374,205,88,43,0,11,1,3,0,8,17,7,20,6,36,33,3,11
27,Tottenham Hotspur,4,64,12,5,4,1,88,8,1,4,3,0,9,3,690,330,276,59,46,11,1,2,0,17,19,1,20,0,72,53,19,11,Crystal Palace,1,36,5,1,1,0,76,17,5,3,1,1,3,2,373,157,125,43,24,23,4,3,0,13,7,3,11,1,59,37,22,12
27,Chelsea,2,66,19,9,5,4,89,11,7,6,4,0,11,8,713,376,259,45,27,20,1,0,0,9,8,2,11,1,61,46,15,16,Everton,0,34,7,1,0,0,81,12,3,4,2,0,2,5,369,187,111,46,9,15,0,3,0,5,9,4,11,8,38,26,12,6
27,West Ham United,2,35,16,5,4,2,69,9,6,6,5,1,8,8,276,109,81,27,33,14,1,1,0,8,18,5,17,2,44,27,17,4,Leeds United,0,65,17,2,2,2,84,9,6,10,5,0,11,6,528,258,183,60,25,23,1,1,0,11,10,5,11,3,49,34,15,6
28,Newcastle United,1,49,12,3,2,1,72,10,2,4,5,1,9,3,392,119,163,43,30,23,0,2,0,12,10,5,18,6,63,40,23,11,Aston Villa,1,51,15,6,2,2,76,10,2,4,5,0,7,8,411,129,183,42,16,30,4,3,0,7,11,4,30,3,64,35,29,10
28,Leeds United,0,38,7,4,0,0,73,16,8,0,3,0,4,3,330,160,81,40,14,21,5,3,0,6,19,5,14,8,37,30,7,11,Chelsea,0,62,15,8,0,0,84,6,5,2,5,0,9,6,588,221,271,51,33,20,3,0,0,12,14,3,20,4,54,44,10,11
28,Crystal Palace,1,44,6,4,2,1,67,16,3,1,1,0,3,3,324,117,101,27,43,32,1,3,0,13,4,5,32,1,71,42,29,11,West Bromwich Albion,0,56,12,1,0,0,77,15,2,6,5,0,8,4,397,126,181,39,29,31,1,1,0,14,8,1,20,3,70,43,27,9
28,Everton,1,66,14,4,3,2,81,9,7,5,5,0,9,5,547,233,211,57,28,26,2,0,0,4,7,3,12,3,38,19,19,5,Burnley,2,34,14,5,1,1,68,6,4,6,3,2,7,7,291,82,116,39,23,24,1,4,0,4,13,5,28,3,43,24,19,11
28,Fulham,0,46,3,0,0,0,80,14,4,0,3,0,3,0,444,241,116,48,18,23,1,0,0,7,8,0,7,4,56,46,10,12,Manchester City,3,54,8,7,4,1,85,13,2,1,0,0,7,1,529,260,189,58,20,19,3,0,0,10,6,3,15,0,56,48,8,15
28,Southampton,1,59,9,4,1,0,80,11,4,1,4,0,5,4,492,203,189,42,15,23,1,0,0,9,11,2,18,4,45,28,17,5,Brighton & Hove Albion,2,41,8,6,2,1,68,10,5,0,2,0,5,3,330,97,129,48,11,29,1,0,0,9,11,3,22,3,59,40,19,5
28,Leicester City,5,72,19,10,8,6,89,10,9,4,5,0,14,5,750,372,296,54,20,22,2,0,0,12,10,0,10,0,50,41,9,13,Sheffield United,0,28,1,0,0,0,71,9,1,1,0,0,1,0,291,130,77,35,29,15,0,2,0,7,18,6,20,5,41,32,9,8
28,Arsenal,2,53,13,3,2,1,87,12,6,8,2,2,6,7,519,212,237,52,8,13,0,1,0,11,11,1,8,2,53,42,11,9,Tottenham Hotspur,1,47,6,3,0,0,82,14,3,2,1,1,4,2,482,255,141,51,18,21,1,2,1,13,6,2,24,1,65,42,23,12
28,Manchester United,1,62,15,4,2,2,90,12,6,4,7,1,9,6,684,221,396,47,12,11,0,4,0,8,12,3,14,0,33,23,10,8,West Ham United,0,38,7,0,0,0,82,2,2,3,4,0,6,1,411,177,158,41,16,19,2,0,0,7,10,7,26,4,50,32,18,7
28,Wolverhampton Wanderers,0,53,10,5,2,2,79,17,3,2,3,0,8,2,508,222,180,59,21,18,2,2,0,11,21,3,13,3,63,39,24,11,Liverpool,1,47,12,4,1,1,76,10,2,5,3,0,9,3,467,185,169,33,25,15,1,1,0,9,14,3,26,5,59,40,19,10
29,Manchester City,4,72,22,10,5,3,92,9,10,4,8,1,18,4,798,312,424,81,8,11,3,0,0,9,7,3,2,0,48,35,13,16,Wolverhampton Wanderers,1,28,6,1,0,0,83,5,2,2,3,0,5,1,309,164,93,56,14,4,1,1,0,10,7,8,26,7,45,37,8,12
29,Burnley,1,39,12,7,3,2,71,6,5,5,0,1,6,6,351,72,176,44,17,20,3,0,0,4,9,6,13,3,51,24,27,8,Leicester City,1,61,16,4,2,1,82,12,8,6,6,0,8,8,571,292,177,50,21,23,2,2,0,8,7,0,31,6,36,16,20,2
29,Sheffield United,1,28,9,2,1,0,70,13,2,5,2,0,6,3,263,84,99,38,0,13,1,1,1,9,13,7,47,4,36,21,15,2,Aston Villa,0,72,16,4,3,3,84,6,7,5,7,1,12,4,641,242,299,62,16,30,1,0,0,7,9,2,9,1,56,37,19,15
29,Crystal Palace,0,37,8,2,1,1,78,4,4,3,3,0,5,3,353,169,108,44,15,20,1,1,0,12,9,3,25,1,56,42,14,10,Manchester United,0,63,11,1,0,0,86,13,6,6,4,0,6,5,600,235,283,73,36,29,2,0,0,4,10,3,11,2,39,21,18,11
29,West Bromwich Albion,0,48,11,3,2,2,80,9,3,3,5,0,7,4,450,183,178,46,8,29,3,3,0,4,15,6,22,2,42,29,13,14,Everton,1,52,11,3,2,1,81,7,3,2,6,0,5,6,500,246,159,46,13,14,2,1,0,11,7,5,31,3,62,39,23,12
29,Liverpool,0,54,7,1,1,1,87,9,5,4,2,0,4,3,656,284,287,59,13,30,1,0,0,6,12,2,14,3,51,41,10,19,Chelsea,1,46,11,5,1,1,85,8,2,5,1,0,7,4,549,327,142,44,0,16,4,0,0,14,11,2,30,1,45,36,9,8
29,Fulham,1,51,13,6,1,0,73,13,13,4,3,0,11,2,339,130,116,52,21,29,1,2,0,10,9,2,32,2,64,45,19,13,Leeds United,2,49,13,4,1,0,69,12,7,7,2,0,8,5,319,119,101,33,26,25,4,2,0,16,9,2,39,5,60,47,13,9
29,Brighton & Hove Albion,3,65,11,6,1,1,89,12,3,1,4,0,8,3,728,419,228,52,40,20,2,0,0,8,10,0,4,1,43,33,10,12,Newcastle United,0,35,3,1,0,0,80,5,1,2,0,1,2,1,382,190,114,52,20,19,1,1,0,6,16,4,15,3,43,30,13,8
29,West Ham United,3,37,15,5,3,2,74,18,3,7,3,1,15,0,348,110,147,36,16,22,1,3,0,5,12,6,20,5,43,25,18,7,Arsenal,3,63,16,7,1,0,87,8,5,4,5,0,9,7,606,227,298,36,22,18,0,1,0,6,9,3,21,2,57,34,23,9
29,Tottenham Hotspur,2,62,12,3,1,0,83,10,5,5,4,0,8,4,610,263,246,32,36,28,2,2,0,10,8,2,13,4,59,42,17,11,Southampton,1,38,10,5,2,2,74,14,5,3,2,0,5,5,371,177,99,36,31,14,0,1,0,15,7,3,16,1,62,49,13,10
30,Chelsea,2,66,18,8,4,2,85,11,10,6,4,0,11,7,581,254,240,43,33,22,1,1,1,7,10,3,11,2,44,32,12,9,West Bromwich Albion,5,34,14,7,2,0,75,6,3,4,3,1,7,7,297,119,103,44,25,27,4,1,0,12,15,5,24,5,52,40,12,10
30,Leeds United,2,54,23,8,3,2,79,12,5,9,6,1,13,10,491,206,181,56,6,21,1,1,0,12,11,4,12,0,48,35,13,9,Sheffield United,1,46,9,1,1,0,75,13,7,4,4,0,3,6,410,167,141,42,6,23,1,2,0,9,11,6,22,7,53,35,18,6
30,Leicester City,0,44,5,2,0,0,83,13,1,2,1,0,3,2,452,295,79,49,17,15,3,2,0,13,10,1,12,2,63,50,13,19,Manchester City,2,56,11,4,3,2,88,12,1,6,1,1,9,2,571,199,303,68,22,18,1,3,0,7,13,1,6,2,49,38,11,11
30,Arsenal,0,36,3,2,0,0,76,10,1,0,1,0,2,1,395,184,116,31,14,19,0,1,0,5,7,3,24,4,50,37,13,6,Liverpool,3,64,16,7,6,3,86,10,2,6,3,0,9,7,703,316,292,48,33,20,3,1,0,11,6,1,10,2,60,41,19,13
30,Southampton,3,53,24,9,4,2,76,11,6,3,12,0,12,12,424,167,157,32,15,18,0,0,0,7,8,0,39,3,64,38,26,15,Burnley,2,47,7,5,2,1,69,10,7,2,0,0,5,2,352,104,139,29,9,18,1,0,0,14,10,13,28,5,52,34,18,6
30,Newcastle United,2,41,22,6,6,4,74,13,7,7,9,0,17,5,348,125,132,43,29,20,1,3,0,4,5,3,19,2,53,36,17,11,Tottenham Hotspur,2,59,11,5,3,1,82,14,3,4,2,1,7,4,521,222,205,32,14,9,3,2,0,8,14,9,24,4,65,42,23,15
30,Aston Villa,3,52,14,4,2,0,80,14,4,5,5,0,7,7,418,174,160,48,30,18,5,1,0,7,14,3,11,6,65,46,19,12,Fulham,1,48,15,7,1,0,75,20,4,5,3,0,8,7,384,180,108,45,36,15,2,2,0,13,4,5,25,1,67,48,19,12
30,Manchester United,2,58,15,7,4,2,84,14,5,6,2,1,9,6,604,185,325,51,19,17,0,2,0,7,13,2,17,2,50,32,18,12,Brighton & Hove Albion,1,42,5,3,3,2,77,7,6,0,2,0,5,0,436,203,133,28,17,18,2,2,0,8,19,2,19,5,48,41,7,8
30,Everton,1,48,15,7,6,6,80,10,3,7,1,0,11,4,459,212,156,56,38,15,2,2,0,9,9,3,19,5,48,31,17,6,Crystal Palace,1,52,13,6,1,0,83,10,4,4,3,0,8,5,512,213,212,45,7,15,1,0,0,13,8,1,10,6,45,35,10,8
30,Wolverhampton Wanderers,2,66,20,5,4,2,88,9,4,13,2,1,15,5,628,286,266,59,29,16,1,1,0,9,9,0,14,3,64,45,19,17,West Ham United,3,34,9,6,3,2,74,9,2,3,0,0,8,1,322,123,116,46,14,20,1,4,0,8,12,2,21,3,54,29,25,9
31,Fulham,0,50,14,3,1,1,84,11,3,7,4,1,9,5,439,207,162,57,32,23,3,0,0,8,9,0,10,2,55,31,24,5,Wolverhampton Wanderers,1,50,7,3,0,0,83,8,4,4,0,0,5,2,452,246,130,43,30,23,1,0,0,8,13,3,23,3,54,38,16,8
31,Manchester City,1,71,29,7,2,1,90,12,9,11,11,0,14,15,621,168,388,52,22,23,2,3,0,6,6,0,6,0,52,40,12,17,Leeds United,2,29,2,2,0,0,69,15,3,0,0,0,0,2,252,112,61,39,11,9,3,1,1,6,8,11,35,6,47,36,11,8
31,Liverpool,2,66,23,10,3,2,83,16,7,6,7,0,17,6,577,253,227,44,12,19,2,2,0,9,7,0,16,4,57,36,21,11,Aston Villa,1,34,9,5,1,1,68,11,0,4,0,1,6,3,296,99,103,48,38,31,2,4,0,5,17,7,23,8,60,41,19,8
31,Crystal Palace,1,36,1,1,1,0,77,7,0,0,0,0,1,0,434,227,109,46,20,20,1,1,0,5,14,8,17,5,59,32,27,8,Chelsea,4,64,23,10,6,4,89,12,8,6,7,0,19,4,782,327,372,59,44,17,2,0,0,14,9,0,9,0,52,35,17,9
31,Burnley,1,57,24,4,1,0,77,11,13,14,6,0,17,7,445,107,236,53,20,21,0,1,0,6,10,4,9,2,49,25,24,2,Newcastle United,2,43,10,5,2,2,67,12,3,2,3,0,10,0,342,121,107,33,39,24,2,0,0,5,9,6,41,4,54,26,28,5
31,West Ham United,3,36,4,4,2,0,73,7,1,0,0,0,4,0,365,149,118,35,13,21,3,3,0,5,15,6,23,2,52,35,17,12,Leicester City,2,64,15,5,0,0,84,13,9,5,5,0,10,5,629,258,269,48,19,18,1,3,0,8,12,0,8,1,59,30,29,11
31,Tottenham Hotspur,1,47,12,3,1,0,81,11,7,6,3,0,9,3,439,211,145,45,6,20,3,1,0,13,11,3,14,4,53,46,7,10,Manchester United,3,53,12,7,3,1,84,15,5,2,3,0,9,3,503,180,242,46,23,19,1,5,0,11,14,3,16,2,61,44,17,14
31,Sheffield United,0,45,7,2,0,0,85,9,2,2,3,0,5,2,469,243,154,46,11,15,2,1,0,7,5,6,19,2,33,24,9,3,Arsenal,3,55,14,5,3,0,89,6,4,3,6,0,8,6,577,299,215,60,22,25,3,1,0,7,2,3,11,2,43,29,14,8
31,West Bromwich Albion,3,40,15,6,6,3,67,12,5,6,3,0,13,2,285,61,130,41,24,16,4,0,0,12,17,0,24,4,58,36,22,10,Southampton,0,60,14,4,1,1,77,11,10,10,0,0,8,6,442,143,197,34,22,20,2,1,0,9,17,2,14,3,59,38,21,12
31,Brighton & Hove Albion,0,55,23,3,0,0,82,12,10,10,10,0,15,8,503,233,177,58,13,18,0,1,0,12,11,1,16,1,42,31,11,6,Everton,0,45,8,1,0,0,78,7,3,6,1,0,3,5,400,196,115,55,21,22,1,2,0,6,19,10,21,3,43,27,16,9
32,Everton,2,53,18,7,1,0,78,8,6,8,3,0,12,6,502,201,193,36,27,20,2,1,0,12,8,5,22,1,53,35,18,5,Tottenham Hotspur,2,47,12,3,2,0,75,8,3,4,5,2,7,5,450,199,140,39,20,25,0,1,0,10,7,3,13,5,52,34,18,7
32,Newcastle United,3,35,16,8,3,2,75,9,3,1,7,0,7,9,272,133,71,45,11,16,2,2,0,10,11,6,33,4,44,32,12,10,West Ham United,2,65,16,6,4,2,85,7,8,4,6,0,8,8,510,210,222,51,22,39,0,0,1,7,9,9,7,4,41,32,9,13
32,Wolverhampton Wanderers,1,48,10,5,1,1,85,8,3,3,2,0,9,1,479,251,156,51,36,27,2,1,0,9,10,4,21,2,53,38,15,8,Sheffield United,0,52,8,2,1,1,87,15,3,2,4,0,5,3,512,190,255,60,25,14,2,2,0,11,6,3,9,3,46,35,11,8
32,Arsenal,1,70,18,5,5,4,88,9,11,8,5,0,12,6,633,215,343,53,27,16,5,0,0,8,8,2,6,0,59,40,19,11,Fulham,1,30,3,1,1,0,74,11,1,0,2,0,2,1,286,150,62,30,0,13,0,3,0,8,11,5,32,4,49,32,17,11
32,Manchester United,3,69,17,9,5,3,89,9,8,4,4,0,15,2,610,228,312,56,35,25,2,1,0,9,4,2,16,2,51,37,14,15,Burnley,1,31,10,3,2,1,74,12,3,4,3,0,6,4,266,86,110,44,23,11,4,2,0,6,12,4,29,5,44,28,16,4
32,Leeds United,1,62,12,5,6,6,84,7,10,4,3,1,12,0,525,321,119,55,15,18,0,2,0,13,10,4,17,6,60,49,11,12,Liverpool,1,38,17,7,2,1,78,15,8,6,4,0,12,5,322,128,122,55,24,26,4,1,0,10,10,3,29,4,38,28,10,7
32,Chelsea,0,64,7,4,1,1,88,8,0,2,1,0,6,1,740,392,262,35,27,19,3,2,0,2,10,5,9,2,41,31,10,15,Brighton & Hove Albion,0,36,11,2,0,0,76,9,3,4,5,1,5,6,410,179,134,42,0,23,0,0,1,12,15,1,6,4,53,39,14,6
32,Aston Villa,1,28,8,3,1,0,79,12,1,3,2,0,7,1,304,150,89,37,36,14,1,0,1,6,5,3,20,1,40,26,14,7,Manchester City,2,72,13,3,2,0,92,7,11,7,3,0,6,7,806,263,477,63,20,16,2,1,1,2,4,2,7,2,41,27,14,12
32,Leicester City,3,73,17,7,5,2,86,13,7,5,5,1,8,9,706,286,321,52,0,23,1,0,0,15,12,0,7,1,55,38,17,8,West Bromwich Albion,0,27,4,1,0,0,64,12,3,3,0,0,2,2,255,90,72,41,20,24,0,2,0,7,10,5,18,4,37,26,11,3
32,Southampton,3,63,13,6,2,0,87,20,12,3,4,0,11,2,531,280,183,58,5,17,1,2,0,9,3,5,22,3,39,30,9,4,Crystal Palace,1,37,11,4,1,1,76,13,8,2,5,0,7,4,311,98,139,60,13,15,2,3,0,10,16,4,17,3,72,48,24,11
33,Fulham,0,60,11,3,0,0,83,13,4,7,1,0,7,4,544,276,175,41,22,25,4,2,0,7,14,2,5,2,51,39,12,19,Tottenham Hotspur,1,40,9,2,3,3,72,9,1,5,2,0,5,4,378,170,104,43,20,19,2,1,0,10,7,1,31,3,56,43,13,10
33,Manchester City,5,58,17,10,4,1,91,6,5,5,2,1,12,5,673,318,295,69,13,21,1,1,0,5,8,2,10,4,38,28,10,16,Southampton,2,42,11,6,2,0,83,4,5,3,2,0,7,4,481,268,133,44,29,18,4,0,0,15,13,2,11,5,46,34,12,6
33,Arsenal,0,59,14,3,0,0,92,13,7,3,8,0,9,5,627,266,308,69,26,19,2,1,0,4,9,4,10,1,37,25,12,6,Everton,1,41,8,1,0,0,82,10,3,3,4,1,4,4,438,265,93,42,9,9,1,3,0,14,8,8,18,3,53,40,13,9
33,Liverpool,1,68,22,9,5,5,91,9,6,8,5,0,13,9,793,289,429,72,41,19,1,2,0,10,8,2,14,3,45,37,8,10,Newcastle United,1,32,7,4,2,2,81,7,3,1,2,0,6,1,350,193,89,53,25,19,4,1,0,5,12,5,15,8,48,39,9,14
33,West Ham United,0,44,9,2,0,0,77,9,4,4,3,0,3,6,447,135,209,32,6,27,3,0,1,7,13,5,14,5,53,36,17,7,Chelsea,1,56,17,6,3,2,84,11,2,6,5,0,10,7,566,218,258,44,22,21,3,4,0,14,9,3,23,2,62,39,23,8
33,Sheffield United,1,32,7,3,1,0,68,13,2,1,3,0,5,2,295,85,115,25,8,16,0,3,0,16,6,5,25,4,49,39,10,9,Brighton & Hove Albion,0,68,17,4,3,3,87,7,12,8,5,0,12,5,640,317,239,63,25,26,1,0,0,4,8,3,11,2,60,44,16,21
33,Wolverhampton Wanderers,0,59,12,2,0,0,78,8,8,5,5,0,4,8,474,226,143,41,19,18,2,1,0,11,13,1,16,3,53,33,20,9,Burnley,4,41,14,7,3,1,72,9,5,6,1,0,8,6,325,90,143,37,29,23,2,2,0,10,12,5,13,2,56,34,22,12
33,Leeds United,0,44,6,3,0,0,78,21,2,1,2,0,3,3,385,204,95,35,15,18,2,4,0,17,8,5,17,4,53,47,6,6,Manchester United,0,56,16,4,0,0,86,11,6,7,5,0,9,7,483,197,216,54,27,28,0,1,0,11,10,2,14,3,68,55,13,18
33,Aston Villa,2,70,24,11,3,1,85,14,11,7,6,2,16,8,551,159,309,57,26,14,2,0,0,6,7,1,14,3,54,32,22,10,West Bromwich Albion,2,30,10,4,3,2,58,9,4,5,1,1,4,6,240,67,72,24,38,12,1,2,0,5,8,6,28,9,47,30,17,6
33,Leicester City,2,67,13,5,2,1,83,13,7,6,2,0,9,4,598,207,292,55,18,16,2,0,0,12,11,1,12,1,56,38,18,7,Crystal Palace,1,33,4,2,2,1,65,12,2,1,1,0,3,1,300,78,116,36,17,25,3,1,0,8,18,2,14,3,50,28,22,4
34,Southampton,1,29,5,3,1,0,66,9,0,0,2,0,3,2,272,115,64,29,0,20,1,1,1,7,8,5,32,8,45,34,11,8,Leicester City,1,71,23,9,3,2,84,13,10,9,5,0,13,10,633,164,370,44,28,21,5,0,0,10,3,1,5,2,65,37,28,9
34,Crystal Palace,0,30,9,4,1,1,73,9,2,4,1,0,3,6,294,99,116,38,20,30,3,2,0,12,19,7,18,1,57,40,17,13,Manchester City,2,70,20,3,1,1,88,10,6,10,7,1,17,3,696,268,342,75,22,12,1,0,0,11,12,1,10,4,59,41,18,13
34,Brighton & Hove Albion,2,42,17,5,4,3,80,17,2,8,4,0,12,5,351,141,140,60,45,16,0,1,0,6,11,4,25,2,47,30,17,13,Leeds United,0,58,11,2,0,0,83,6,9,5,4,0,6,5,466,222,163,48,14,28,1,1,0,11,7,4,13,3,58,45,13,14
34,Chelsea,2,49,9,5,3,1,85,15,1,1,3,0,7,2,511,230,205,59,0,16,7,1,0,11,4,3,25,3,51,40,11,9,Fulham,0,51,10,3,0,0,86,8,8,4,3,0,5,5,521,235,211,64,14,23,1,1,0,15,8,3,8,3,58,46,12,11
34,Everton,1,48,16,3,2,1,82,10,3,7,6,0,8,8,421,196,149,50,17,19,2,0,0,13,7,3,15,3,48,37,11,6,Aston Villa,2,52,13,5,4,3,82,13,6,5,3,2,7,6,469,213,171,46,25,22,2,2,0,9,7,6,18,2,49,33,16,8
34,Newcastle United,0,39,5,1,0,0,87,10,3,3,1,0,3,2,396,232,113,54,15,13,1,2,1,6,7,5,13,2,46,34,12,14,Arsenal,2,61,19,5,1,0,91,9,7,10,4,0,12,7,641,212,370,70,59,11,1,1,0,1,9,1,12,1,34,23,11,8
34,Tottenham Hotspur,4,66,20,11,3,1,91,8,6,6,3,0,10,10,715,380,270,65,20,17,3,1,0,6,8,4,13,1,47,34,13,15,Sheffield United,0,34,8,1,0,0,77,9,6,3,4,0,5,3,356,160,115,38,32,11,0,1,0,7,8,4,14,6,39,31,8,11
34,West Bromwich Albion,1,42,10,4,2,1,73,17,5,5,1,0,6,4,339,118,128,42,25,21,1,2,0,8,10,4,18,9,54,37,17,6,Wolverhampton Wanderers,1,58,20,10,0,0,77,11,6,6,4,0,13,7,467,152,209,36,33,14,2,0,0,13,7,2,16,2,69,49,20,13
34,Burnley,1,45,8,3,2,1,71,4,5,3,2,0,7,1,426,121,183,38,10,18,2,2,0,2,12,5,15,2,40,25,15,9,West Ham United,2,55,22,4,2,0,78,8,4,12,6,0,13,9,544,197,230,38,29,23,2,1,0,6,11,3,31,1,64,24,40,10
34,Manchester United,2,53,18,3,3,3,79,10,6,8,7,0,13,5,511,229,174,52,38,19,1,3,0,13,9,4,12,4,60,44,16,12,Liverpool,4,47,17,8,6,2,79,12,4,5,4,1,14,3,454,187,171,29,22,18,1,0,0,9,12,6,18,0,44,32,12,7
35,Leicester City,2,68,25,9,3,3,87,12,9,7,9,0,17,8,596,164,353,64,34,18,2,1,0,9,12,4,14,2,56,38,18,16,Newcastle United,4,32,14,6,6,2,71,9,6,4,4,1,9,5,274,106,89,38,21,15,1,1,0,5,6,9,38,7,47,33,14,13
35,Leeds United,3,53,16,7,3,0,80,12,8,5,4,0,12,4,442,198,154,43,21,21,1,1,0,10,13,3,21,2,60,38,22,8,Tottenham Hotspur,1,47,11,3,1,0,75,10,6,4,4,1,7,4,395,157,139,32,13,30,2,2,0,8,6,4,17,5,51,38,13,11
35,Sheffield United,0,50,7,0,1,1,81,11,5,6,1,0,6,1,412,209,124,55,32,20,2,1,0,13,9,6,18,6,54,39,15,9,Crystal Palace,2,50,21,8,3,2,79,8,11,7,6,0,16,5,423,157,176,38,33,21,1,1,0,14,8,1,11,0,67,48,19,17
35,Manchester City,1,48,16,4,2,1,91,12,6,6,6,0,8,8,537,295,194,55,13,16,1,2,0,10,9,3,11,3,42,37,5,9,Chelsea,2,52,12,5,1,1,90,10,2,4,3,0,5,7,580,332,191,61,17,15,5,0,0,9,3,4,11,3,47,37,10,10
35,Liverpool,2,54,14,6,4,3,87,10,8,5,3,1,12,2,557,234,252,69,19,20,4,0,0,7,8,2,15,6,48,31,17,10,Southampton,0,46,12,6,3,3,84,6,4,4,2,0,6,6,480,264,137,55,18,18,1,1,0,7,6,3,18,4,44,37,7,9
35,Wolverhampton Wanderers,2,61,16,6,1,1,89,12,10,3,7,0,9,7,569,202,304,64,4,25,0,2,0,8,9,1,12,2,38,33,5,12,Brighton & Hove Albion,1,39,5,3,0,0,82,7,5,1,1,0,5,0,373,158,149,56,30,15,2,2,2,10,12,7,27,4,54,36,18,10
35,Aston Villa,1,41,11,5,0,0,80,13,5,3,3,0,5,6,383,180,127,33,13,12,0,1,1,5,10,7,20,4,47,38,9,8,Manchester United,3,59,18,7,2,0,86,18,6,4,7,0,11,7,563,223,260,61,21,16,0,1,0,7,11,3,19,5,46,31,15,9
35,West Ham United,0,69,11,0,2,2,90,8,5,6,5,1,8,3,606,223,323,45,15,24,2,2,0,10,3,2,11,2,45,33,12,7,Everton,1,31,9,3,2,1,74,10,6,4,2,1,7,2,278,136,70,37,21,12,2,1,0,15,6,5,34,0,63,46,17,14
35,Arsenal,3,66,15,7,1,0,86,7,6,5,3,0,7,8,576,233,264,36,19,17,1,1,0,8,12,4,25,0,37,26,11,7,West Bromwich Albion,1,34,12,1,3,3,73,9,6,7,4,1,6,6,288,114,96,40,26,21,2,2,0,11,13,3,12,4,38,26,12,5
35,Fulham,0,68,21,3,0,0,75,11,8,11,7,1,12,9,521,199,194,39,26,26,4,2,0,8,11,3,13,3,77,39,38,15,Burnley,2,32,14,5,3,2,48,10,4,6,3,0,10,4,253,49,72,25,56,19,1,0,0,9,11,7,42,3,69,32,37,5
36,Manchester United,1,53,4,1,0,0,82,9,3,3,0,0,4,0,561,291,171,52,22,25,3,0,0,7,8,6,14,1,48,38,10,16,Leicester City,2,47,12,3,2,1,82,12,4,3,6,0,4,8,491,193,211,45,31,21,0,0,0,8,13,0,9,0,43,30,13,5
36,Chelsea,0,68,19,5,2,2,90,7,9,9,5,1,14,5,765,264,422,46,31,20,4,0,0,4,6,2,5,2,38,21,17,12,Arsenal,1,32,5,2,1,0,79,6,1,1,2,0,3,2,369,183,110,30,33,16,2,1,0,8,8,6,37,4,31,23,8,4
36,Newcastle United,3,18,11,5,3,1,68,11,4,3,3,1,10,1,195,80,52,27,45,10,0,2,0,5,7,2,21,2,40,30,10,7,Manchester City,4,82,15,6,2,0,94,10,5,7,2,1,7,8,925,211,660,77,14,14,0,2,0,9,4,3,13,2,53,44,9,13
36,Burnley,0,48,16,4,3,3,77,10,6,8,4,0,11,5,418,123,198,46,16,16,2,1,0,8,13,5,20,2,53,27,26,5,Leeds United,4,52,16,6,3,1,76,10,8,5,5,0,9,7,440,207,129,36,14,12,6,1,0,6,8,4,23,4,40,23,17,4
36,Southampton,3,46,11,7,2,0,86,9,6,2,2,0,8,3,470,239,166,60,36,25,3,0,0,11,7,3,14,2,52,42,10,9,Fulham,1,54,10,3,1,0,86,15,5,4,3,0,7,3,547,320,153,44,15,18,1,1,0,13,11,3,14,3,60,50,10,18
36,Brighton & Hove Albion,1,51,10,2,2,1,85,7,3,2,6,0,2,8,595,290,218,51,13,9,0,1,0,4,12,5,18,1,26,20,6,7,West Ham United,1,49,15,3,3,3,86,5,3,8,4,0,7,8,552,173,301,47,29,14,2,0,0,2,12,6,6,1,42,27,15,14
36,Crystal Palace,3,46,23,8,1,0,74,23,7,3,12,1,15,8,325,80,159,29,24,15,2,3,0,10,6,6,22,3,58,39,19,11,Aston Villa,2,54,19,5,1,0,78,13,7,8,6,0,12,7,393,144,163,64,32,26,2,2,0,7,8,12,30,5,55,37,18,1
36,Tottenham Hotspur,2,62,24,13,5,3,88,8,10,9,2,2,15,9,584,287,224,65,15,19,2,1,0,10,7,5,6,3,51,33,18,11,Wolverhampton Wanderers,0,38,15,3,1,1,83,11,3,7,5,0,12,3,360,163,135,47,27,11,3,0,0,13,13,4,23,9,51,38,13,10
36,West Bromwich Albion,1,24,9,3,3,2,60,7,9,5,1,0,7,2,200,43,77,38,27,10,3,0,0,2,17,10,32,4,57,34,23,5,Liverpool,2,76,26,6,2,2,87,14,13,10,10,1,14,12,699,230,380,47,27,21,2,0,0,4,6,1,17,2,46,24,22,10
36,Everton,0,62,16,6,2,2,86,8,11,5,5,0,12,4,635,312,235,46,19,25,0,1,0,11,8,4,15,2,67,39,28,7,Sheffield United,1,38,10,3,2,1,77,12,4,3,4,0,5,5,385,148,150,30,31,16,3,3,0,7,8,5,26,6,43,31,12,9
37,Manchester United,1,57,13,6,1,1,87,10,6,5,2,0,4,9,544,233,238,60,11,19,4,2,0,6,5,1,9,4,49,38,11,10,Fulham,1,43,8,5,2,1,81,15,1,2,1,0,5,3,410,258,75,42,22,15,1,3,0,14,18,2,20,5,59,48,11,13
37,Southampton,0,51,18,3,1,1,83,10,4,11,4,1,6,12,392,144,180,39,19,21,2,0,0,15,13,2,13,5,54,44,10,9,Leeds United,2,49,15,7,2,0,75,12,4,6,2,0,7,8,375,172,108,49,17,32,1,3,0,20,15,4,14,3,67,51,16,7
37,Brighton & Hove Albion,3,63,19,6,0,0,89,13,5,4,9,0,10,9,607,293,247,59,29,17,3,3,0,9,7,2,10,2,53,40,13,12,Manchester City,2,37,8,4,1,0,83,11,3,2,2,0,7,1,361,183,118,29,43,10,1,3,1,6,7,9,25,3,50,38,12,10
37,Chelsea,2,59,17,6,3,1,85,15,6,5,6,0,15,2,549,246,220,45,24,25,1,2,0,13,12,1,18,2,61,44,17,10,Leicester City,1,41,7,3,2,1,76,16,5,3,1,0,4,3,381,166,124,30,18,24,0,5,0,15,7,6,15,4,58,43,15,6
37,Everton,1,41,14,4,0,0,79,11,7,4,6,0,9,5,377,155,144,54,32,11,0,0,0,12,10,4,33,3,69,45,24,13,Wolverhampton Wanderers,0,59,9,3,0,0,84,11,12,2,4,0,5,4,528,222,224,52,14,26,0,2,0,8,11,5,10,3,52,42,10,19
37,Newcastle United,1,51,16,5,3,2,89,7,5,9,2,0,8,8,487,269,165,58,40,27,2,0,0,1,6,1,20,1,55,39,16,24,Sheffield United,0,49,11,1,1,1,84,7,2,9,1,1,6,5,462,130,259,30,33,19,4,2,0,10,4,2,15,4,44,30,14,7
37,Tottenham Hotspur,1,61,10,4,1,1,84,14,4,2,4,0,7,3,569,267,210,34,20,21,2,1,0,13,8,7,14,3,57,45,12,11,Aston Villa,2,39,20,4,1,0,80,13,5,9,7,1,15,5,367,134,161,42,44,18,3,1,0,9,11,4,15,3,61,48,13,17
37,Crystal Palace,1,31,12,6,1,0,70,7,6,4,2,0,9,3,258,88,93,39,36,20,3,2,0,12,8,2,23,0,52,31,21,6,Arsenal,3,69,6,3,3,1,87,7,7,1,2,0,4,2,603,241,281,54,19,26,2,1,0,5,11,2,18,5,41,20,21,7
37,Burnley,0,41,10,4,2,2,78,10,6,3,3,0,6,4,389,127,175,45,8,15,1,0,0,7,10,8,14,0,39,25,14,4,Liverpool,3,59,20,3,4,4,85,7,7,9,8,0,15,5,584,233,263,46,19,15,1,0,0,7,6,4,41,4,54,30,24,8
37,West Bromwich Albion,1,52,14,4,1,1,75,8,6,5,5,0,6,8,357,99,167,42,4,18,2,2,0,5,12,3,21,6,63,32,31,12,West Ham United,3,48,21,9,5,2,74,11,8,9,3,2,16,5,326,103,137,40,17,24,1,2,0,9,10,4,34,3,51,29,22,5
38,Arsenal,2,54,16,5,0,0,88,10,11,7,4,2,7,9,565,264,234,62,24,15,2,0,0,8,5,1,10,1,35,28,7,6,Brighton & Hove Albion,0,46,5,1,0,0,87,8,3,3,1,0,2,3,489,262,162,55,0,9,1,0,0,12,13,4,18,3,33,29,4,3
38,Aston Villa,2,29,6,3,1,0,70,11,2,3,0,0,4,2,250,99,75,44,17,12,0,3,0,11,7,5,36,6,54,34,20,8,Chelsea,1,71,23,7,7,6,89,12,9,11,5,0,15,8,598,200,332,62,20,27,2,4,1,8,9,0,6,1,44,32,12,3
38,Fulham,0,64,14,0,1,1,90,12,5,7,7,0,8,6,596,255,282,68,14,22,1,1,0,7,10,3,13,2,38,31,7,7,Newcastle United,2,36,10,4,2,1,81,6,4,3,3,0,5,5,333,184,86,50,18,22,0,0,0,5,10,7,30,0,35,25,10,0
38,Leeds United,3,64,17,9,2,0,83,12,8,3,5,0,9,8,499,213,199,59,35,19,3,2,0,14,8,3,11,4,56,39,17,7,West Bromwich Albion,1,36,14,5,1,0,71,12,3,6,3,0,7,7,268,82,108,31,36,16,3,1,0,11,8,5,17,6,51,41,10,10
38,Leicester City,2,47,10,6,2,0,77,9,8,2,2,0,6,4,444,194,146,36,27,25,3,0,0,17,17,5,14,1,54,43,11,9,Tottenham Hotspur,4,53,11,4,3,1,81,8,7,2,5,1,9,2,492,238,159,41,25,27,1,2,0,13,11,2,13,4,57,41,16,15
38,Liverpool,2,70,19,5,3,2,85,10,14,10,4,0,16,3,588,245,257,69,29,22,2,2,0,12,10,0,5,4,43,30,13,8,Crystal Palace,0,30,5,4,2,2,61,8,1,1,0,0,2,3,263,98,63,27,100,17,1,2,0,16,10,4,21,3,56,42,14,8
38,Manchester City,5,68,21,11,5,1,92,8,7,6,4,1,17,4,725,369,296,58,36,15,1,2,0,5,9,3,10,3,45,37,8,17,Everton,0,32,8,3,1,1,79,10,5,2,3,0,4,4,340,167,102,42,0,15,1,2,0,9,10,3,18,6,42,31,11,11
38,Sheffield United,1,43,12,3,0,0,68,11,8,7,2,1,8,4,361,119,128,33,25,14,2,3,0,13,5,4,29,3,68,29,39,9,Burnley,0,57,10,3,0,0,72,1,9,3,4,0,7,3,482,162,184,40,23,23,1,1,0,12,8,2,19,2,79,35,44,8
38,West Ham United,3,37,14,7,3,1,69,5,2,6,1,0,11,3,300,79,128,49,20,22,5,0,0,6,10,3,12,5,46,28,18,7,Southampton,0,63,17,5,2,2,81,9,3,8,4,0,11,6,534,234,197,21,40,21,2,3,0,13,7,1,11,4,48,37,11,9
38,Wolverhampton Wanderers,1,57,14,4,0,0,89,14,6,6,4,0,10,4,571,237,269,63,17,20,1,4,0,11,10,0,7,2,43,34,9,12,Manchester United,2,43,9,4,4,2,87,3,2,5,0,0,6,3,440,217,164,52,50,17,1,1,0,7,14,4,26,3,47,35,12,7
